file_name,label,path,fold
00001.jpg,0,images/00001.jpg,3
00002.jpg,1,images/00002.jpg,3
00003.jpg,1,images/00003.jpg,2
00004.jpg,1,images/00004.jpg,1
00005.jpg,0,images/00005.jpg,4
00006.jpg,0,images/00006.jpg,4
00007.jpg,1,images/00007.jpg,3
00008.jpg,0,images/00008.jpg,4
00009.jpg,1,images/00009.jpg,3
00010.jpg,1,images/00010.jpg,2
00011.jpg,0,images/00011.jpg,0
00012.jpg,1,images/00012.jpg,1
00013.jpg,0,images/00013.jpg,1
00014.jpg,0,images/00014.jpg,4
00015.jpg,0,images/00015.jpg,0
00016.jpg,1,images/00016.jpg,0
00017.jpg,1,images/00017.jpg,1
00018.jpg,0,images/00018.jpg,2
00019.jpg,0,images/00019.jpg,0
00020.jpg,0,images/00020.jpg,3
00021.jpg,0,images/00021.jpg,2
00022.jpg,1,images/00022.jpg,0
00023.jpg,1,images/00023.jpg,0
00024.jpg,0,images/00024.jpg,3
00025.jpg,1,images/00025.jpg,1
00026.jpg,1,images/00026.jpg,0
00027.jpg,1,images/00027.jpg,0
00028.jpg,0,images/00028.jpg,3
00029.jpg,1,images/00029.jpg,0
00030.jpg,1,images/00030.jpg,3
00031.jpg,0,images/00031.jpg,0
00032.jpg,1,images/00032.jpg,2
00033.jpg,0,images/00033.jpg,0
00034.jpg,1,images/00034.jpg,3
00035.jpg,0,images/00035.jpg,1
00036.jpg,0,images/00036.jpg,0
00037.jpg,1,images/00037.jpg,1
00038.jpg,1,images/00038.jpg,2
00039.jpg,0,images/00039.jpg,0
00040.jpg,0,images/00040.jpg,2
00041.jpg,1,images/00041.jpg,4
00042.jpg,1,images/00042.jpg,1
00043.jpg,1,images/00043.jpg,4
00044.jpg,0,images/00044.jpg,0
00045.jpg,1,images/00045.jpg,1
00046.jpg,1,images/00046.jpg,3
00047.jpg,0,images/00047.jpg,4
00048.jpg,1,images/00048.jpg,4
00049.jpg,0,images/00049.jpg,0
00050.jpg,1,images/00050.jpg,4
00051.jpg,0,images/00051.jpg,4
00052.jpg,0,images/00052.jpg,3
00053.jpg,1,images/00053.jpg,1
00054.jpg,1,images/00054.jpg,0
00055.jpg,0,images/00055.jpg,3
00056.jpg,0,images/00056.jpg,0
00057.jpg,1,images/00057.jpg,4
00058.jpg,1,images/00058.jpg,2
00059.jpg,1,images/00059.jpg,0
00060.jpg,1,images/00060.jpg,2
00061.jpg,0,images/00061.jpg,3
00062.jpg,1,images/00062.jpg,3
00063.jpg,1,images/00063.jpg,0
00064.jpg,1,images/00064.jpg,1
00065.jpg,1,images/00065.jpg,4
00066.jpg,1,images/00066.jpg,0
00067.jpg,1,images/00067.jpg,1
00068.jpg,1,images/00068.jpg,1
00069.jpg,0,images/00069.jpg,4
00070.jpg,0,images/00070.jpg,1
00071.jpg,1,images/00071.jpg,3
00072.jpg,0,images/00072.jpg,1
00073.jpg,1,images/00073.jpg,1
00074.jpg,1,images/00074.jpg,3
00075.jpg,0,images/00075.jpg,4
00076.jpg,1,images/00076.jpg,4
00077.jpg,1,images/00077.jpg,3
00078.jpg,0,images/00078.jpg,4
00079.jpg,0,images/00079.jpg,1
00080.jpg,1,images/00080.jpg,4
00081.jpg,0,images/00081.jpg,2
00082.jpg,0,images/00082.jpg,2
00083.jpg,0,images/00083.jpg,3
00084.jpg,1,images/00084.jpg,1
00085.jpg,0,images/00085.jpg,4
00086.jpg,0,images/00086.jpg,3
00087.jpg,0,images/00087.jpg,1
00088.jpg,0,images/00088.jpg,0
00089.jpg,1,images/00089.jpg,1
00090.jpg,0,images/00090.jpg,4
00091.jpg,1,images/00091.jpg,3
00092.jpg,0,images/00092.jpg,1
00093.jpg,0,images/00093.jpg,3
00094.jpg,1,images/00094.jpg,2
00095.jpg,1,images/00095.jpg,4
00096.jpg,1,images/00096.jpg,1
00097.jpg,1,images/00097.jpg,1
00098.jpg,1,images/00098.jpg,3
00099.jpg,0,images/00099.jpg,1
00100.jpg,0,images/00100.jpg,1
00101.jpg,0,images/00101.jpg,3
00102.jpg,0,images/00102.jpg,4
00103.jpg,0,images/00103.jpg,3
00104.jpg,1,images/00104.jpg,0
00105.jpg,0,images/00105.jpg,1
00106.jpg,0,images/00106.jpg,0
00107.jpg,0,images/00107.jpg,1
00108.jpg,0,images/00108.jpg,3
00109.jpg,1,images/00109.jpg,3
00110.jpg,1,images/00110.jpg,2
00111.jpg,1,images/00111.jpg,2
00112.jpg,0,images/00112.jpg,1
00113.jpg,0,images/00113.jpg,4
00114.jpg,1,images/00114.jpg,2
00115.jpg,0,images/00115.jpg,2
00116.jpg,0,images/00116.jpg,0
00117.jpg,1,images/00117.jpg,3
00118.jpg,1,images/00118.jpg,3
00119.jpg,0,images/00119.jpg,4
00120.jpg,1,images/00120.jpg,3
00121.jpg,0,images/00121.jpg,2
00122.jpg,1,images/00122.jpg,4
00123.jpg,0,images/00123.jpg,4
00124.jpg,0,images/00124.jpg,1
00125.jpg,0,images/00125.jpg,4
00126.jpg,0,images/00126.jpg,3
00127.jpg,0,images/00127.jpg,3
00128.jpg,1,images/00128.jpg,1
00129.jpg,1,images/00129.jpg,0
00130.jpg,1,images/00130.jpg,3
00131.jpg,0,images/00131.jpg,2
00132.jpg,0,images/00132.jpg,3
00133.jpg,0,images/00133.jpg,0
00134.jpg,0,images/00134.jpg,2
00135.jpg,1,images/00135.jpg,1
00136.jpg,1,images/00136.jpg,3
00137.jpg,0,images/00137.jpg,2
00138.jpg,1,images/00138.jpg,3
00139.jpg,1,images/00139.jpg,3
00140.jpg,1,images/00140.jpg,2
00141.jpg,1,images/00141.jpg,4
00142.jpg,1,images/00142.jpg,1
00143.jpg,1,images/00143.jpg,4
00144.jpg,0,images/00144.jpg,4
00145.jpg,0,images/00145.jpg,4
00146.jpg,0,images/00146.jpg,2
00147.jpg,1,images/00147.jpg,3
00148.jpg,0,images/00148.jpg,1
00149.jpg,0,images/00149.jpg,3
00150.jpg,0,images/00150.jpg,3
00151.jpg,0,images/00151.jpg,0
00152.jpg,0,images/00152.jpg,3
00153.jpg,1,images/00153.jpg,1
00154.jpg,1,images/00154.jpg,0
00155.jpg,1,images/00155.jpg,1
00156.jpg,1,images/00156.jpg,4
00157.jpg,0,images/00157.jpg,2
00158.jpg,0,images/00158.jpg,1
00159.jpg,1,images/00159.jpg,4
00160.jpg,1,images/00160.jpg,0
00161.jpg,0,images/00161.jpg,1
00162.jpg,1,images/00162.jpg,1
00163.jpg,1,images/00163.jpg,1
00164.jpg,1,images/00164.jpg,0
00165.jpg,0,images/00165.jpg,1
00166.jpg,1,images/00166.jpg,3
00167.jpg,1,images/00167.jpg,1
00168.jpg,1,images/00168.jpg,2
00169.jpg,0,images/00169.jpg,4
00170.jpg,1,images/00170.jpg,2
00171.jpg,0,images/00171.jpg,4
00172.jpg,0,images/00172.jpg,2
00173.jpg,1,images/00173.jpg,3
00174.jpg,1,images/00174.jpg,2
00175.jpg,0,images/00175.jpg,4
00176.jpg,1,images/00176.jpg,3
00177.jpg,0,images/00177.jpg,2
00178.jpg,1,images/00178.jpg,0
00179.jpg,0,images/00179.jpg,4
00180.jpg,0,images/00180.jpg,0
00181.jpg,0,images/00181.jpg,3
00182.jpg,0,images/00182.jpg,2
00183.jpg,1,images/00183.jpg,3
00184.jpg,1,images/00184.jpg,0
00185.jpg,1,images/00185.jpg,2
00186.jpg,0,images/00186.jpg,1
00187.jpg,1,images/00187.jpg,3
00188.jpg,1,images/00188.jpg,4
00189.jpg,1,images/00189.jpg,2
00190.jpg,1,images/00190.jpg,2
00191.jpg,0,images/00191.jpg,1
00192.jpg,1,images/00192.jpg,1
00193.jpg,0,images/00193.jpg,3
00194.jpg,1,images/00194.jpg,4
00195.jpg,1,images/00195.jpg,1
00196.jpg,0,images/00196.jpg,1
00197.jpg,0,images/00197.jpg,4
00198.jpg,0,images/00198.jpg,4
00199.jpg,0,images/00199.jpg,3
00200.jpg,1,images/00200.jpg,2
00201.jpg,0,images/00201.jpg,0
00202.jpg,1,images/00202.jpg,0
00203.jpg,0,images/00203.jpg,3
00204.jpg,0,images/00204.jpg,3
00205.jpg,1,images/00205.jpg,2
00206.jpg,0,images/00206.jpg,0
00207.jpg,0,images/00207.jpg,1
00208.jpg,1,images/00208.jpg,2
00209.jpg,1,images/00209.jpg,4
00210.jpg,1,images/00210.jpg,0
00211.jpg,1,images/00211.jpg,3
00212.jpg,0,images/00212.jpg,1
00213.jpg,1,images/00213.jpg,3
00214.jpg,0,images/00214.jpg,3
00215.jpg,1,images/00215.jpg,3
00216.jpg,1,images/00216.jpg,2
00217.jpg,0,images/00217.jpg,3
00218.jpg,0,images/00218.jpg,3
00219.jpg,0,images/00219.jpg,4
00220.jpg,0,images/00220.jpg,4
00221.jpg,0,images/00221.jpg,0
00222.jpg,0,images/00222.jpg,1
00223.jpg,0,images/00223.jpg,4
00224.jpg,0,images/00224.jpg,0
00225.jpg,1,images/00225.jpg,0
00226.jpg,1,images/00226.jpg,3
00227.jpg,1,images/00227.jpg,4
00228.jpg,0,images/00228.jpg,3
00229.jpg,0,images/00229.jpg,4
00230.jpg,1,images/00230.jpg,2
00231.jpg,1,images/00231.jpg,3
00232.jpg,1,images/00232.jpg,1
00233.jpg,0,images/00233.jpg,2
00234.jpg,1,images/00234.jpg,1
00235.jpg,0,images/00235.jpg,1
00236.jpg,1,images/00236.jpg,2
00237.jpg,0,images/00237.jpg,1
00238.jpg,1,images/00238.jpg,2
00239.jpg,0,images/00239.jpg,3
00240.jpg,1,images/00240.jpg,1
00241.jpg,1,images/00241.jpg,4
00242.jpg,0,images/00242.jpg,3
00243.jpg,0,images/00243.jpg,2
00244.jpg,0,images/00244.jpg,0
00245.jpg,1,images/00245.jpg,0
00246.jpg,1,images/00246.jpg,1
00247.jpg,1,images/00247.jpg,4
00248.jpg,1,images/00248.jpg,3
00249.jpg,1,images/00249.jpg,3
00250.jpg,1,images/00250.jpg,1
00251.jpg,1,images/00251.jpg,0
00252.jpg,0,images/00252.jpg,3
00253.jpg,1,images/00253.jpg,4
00254.jpg,1,images/00254.jpg,1
00255.jpg,0,images/00255.jpg,2
00256.jpg,0,images/00256.jpg,3
00257.jpg,0,images/00257.jpg,3
00258.jpg,1,images/00258.jpg,2
00259.jpg,0,images/00259.jpg,0
00260.jpg,0,images/00260.jpg,0
00261.jpg,0,images/00261.jpg,2
00262.jpg,1,images/00262.jpg,3
00263.jpg,1,images/00263.jpg,1
00264.jpg,0,images/00264.jpg,1
00265.jpg,1,images/00265.jpg,2
00266.jpg,0,images/00266.jpg,1
00267.jpg,0,images/00267.jpg,3
00268.jpg,0,images/00268.jpg,2
00269.jpg,0,images/00269.jpg,3
00270.jpg,1,images/00270.jpg,2
00271.jpg,1,images/00271.jpg,0
00272.jpg,0,images/00272.jpg,4
00273.jpg,1,images/00273.jpg,1
00274.jpg,0,images/00274.jpg,4
00275.jpg,0,images/00275.jpg,1
00276.jpg,1,images/00276.jpg,3
00277.jpg,0,images/00277.jpg,4
00278.jpg,1,images/00278.jpg,1
00279.jpg,1,images/00279.jpg,4
00280.jpg,1,images/00280.jpg,3
00281.jpg,1,images/00281.jpg,0
00282.jpg,1,images/00282.jpg,1
00283.jpg,0,images/00283.jpg,0
00284.jpg,0,images/00284.jpg,3
00285.jpg,1,images/00285.jpg,2
00286.jpg,0,images/00286.jpg,4
00287.jpg,0,images/00287.jpg,1
00288.jpg,1,images/00288.jpg,1
00289.jpg,0,images/00289.jpg,3
00290.jpg,1,images/00290.jpg,3
00291.jpg,1,images/00291.jpg,3
00292.jpg,0,images/00292.jpg,1
00293.jpg,1,images/00293.jpg,3
00294.jpg,0,images/00294.jpg,3
00295.jpg,0,images/00295.jpg,1
00296.jpg,1,images/00296.jpg,3
00297.jpg,1,images/00297.jpg,2
00298.jpg,0,images/00298.jpg,1
00299.jpg,0,images/00299.jpg,3
00300.jpg,1,images/00300.jpg,4
00301.jpg,0,images/00301.jpg,4
00302.jpg,0,images/00302.jpg,4
00303.jpg,1,images/00303.jpg,2
00304.jpg,1,images/00304.jpg,0
00305.jpg,1,images/00305.jpg,3
00306.jpg,1,images/00306.jpg,2
00307.jpg,1,images/00307.jpg,0
00308.jpg,0,images/00308.jpg,3
00309.jpg,1,images/00309.jpg,3
00310.jpg,0,images/00310.jpg,2
00311.jpg,0,images/00311.jpg,4
00312.jpg,0,images/00312.jpg,4
00313.jpg,1,images/00313.jpg,4
00314.jpg,1,images/00314.jpg,4
00315.jpg,0,images/00315.jpg,4
00316.jpg,0,images/00316.jpg,2
00317.jpg,0,images/00317.jpg,1
00318.jpg,1,images/00318.jpg,1
00319.jpg,1,images/00319.jpg,2
00320.jpg,0,images/00320.jpg,0
00321.jpg,1,images/00321.jpg,4
00322.jpg,0,images/00322.jpg,1
00323.jpg,0,images/00323.jpg,0
00324.jpg,0,images/00324.jpg,0
00325.jpg,0,images/00325.jpg,0
00326.jpg,0,images/00326.jpg,1
00327.jpg,1,images/00327.jpg,4
00328.jpg,0,images/00328.jpg,3
00329.jpg,0,images/00329.jpg,4
00330.jpg,1,images/00330.jpg,2
00331.jpg,1,images/00331.jpg,2
00332.jpg,1,images/00332.jpg,0
00333.jpg,0,images/00333.jpg,1
00334.jpg,1,images/00334.jpg,4
00335.jpg,0,images/00335.jpg,0
00336.jpg,1,images/00336.jpg,2
00337.jpg,1,images/00337.jpg,1
00338.jpg,0,images/00338.jpg,2
00339.jpg,0,images/00339.jpg,2
00340.jpg,0,images/00340.jpg,1
00341.jpg,1,images/00341.jpg,1
00342.jpg,0,images/00342.jpg,2
00343.jpg,1,images/00343.jpg,4
00344.jpg,0,images/00344.jpg,2
00345.jpg,0,images/00345.jpg,3
00346.jpg,1,images/00346.jpg,4
00347.jpg,1,images/00347.jpg,4
00348.jpg,0,images/00348.jpg,3
00349.jpg,0,images/00349.jpg,4
00350.jpg,1,images/00350.jpg,0
00351.jpg,1,images/00351.jpg,0
00352.jpg,1,images/00352.jpg,4
00353.jpg,1,images/00353.jpg,4
00354.jpg,0,images/00354.jpg,4
00355.jpg,0,images/00355.jpg,2
00356.jpg,1,images/00356.jpg,1
00357.jpg,0,images/00357.jpg,0
00358.jpg,1,images/00358.jpg,4
00359.jpg,1,images/00359.jpg,3
00360.jpg,0,images/00360.jpg,2
00361.jpg,0,images/00361.jpg,0
00362.jpg,1,images/00362.jpg,0
00363.jpg,1,images/00363.jpg,4
00364.jpg,1,images/00364.jpg,1
00365.jpg,0,images/00365.jpg,2
00366.jpg,0,images/00366.jpg,0
00367.jpg,1,images/00367.jpg,2
00368.jpg,1,images/00368.jpg,1
00369.jpg,1,images/00369.jpg,3
00370.jpg,1,images/00370.jpg,2
00371.jpg,0,images/00371.jpg,3
00372.jpg,0,images/00372.jpg,2
00373.jpg,0,images/00373.jpg,3
00374.jpg,0,images/00374.jpg,2
00375.jpg,1,images/00375.jpg,2
00376.jpg,1,images/00376.jpg,2
00377.jpg,0,images/00377.jpg,2
00378.jpg,1,images/00378.jpg,4
00379.jpg,1,images/00379.jpg,0
00380.jpg,0,images/00380.jpg,1
00381.jpg,0,images/00381.jpg,3
00382.jpg,0,images/00382.jpg,4
00383.jpg,0,images/00383.jpg,2
00384.jpg,0,images/00384.jpg,1
00385.jpg,0,images/00385.jpg,4
00386.jpg,0,images/00386.jpg,0
00387.jpg,0,images/00387.jpg,3
00388.jpg,0,images/00388.jpg,3
00389.jpg,0,images/00389.jpg,0
00390.jpg,1,images/00390.jpg,4
00391.jpg,1,images/00391.jpg,2
00392.jpg,0,images/00392.jpg,1
00393.jpg,0,images/00393.jpg,1
00394.jpg,0,images/00394.jpg,0
00395.jpg,1,images/00395.jpg,0
00396.jpg,1,images/00396.jpg,4
00397.jpg,1,images/00397.jpg,2
00398.jpg,0,images/00398.jpg,4
00399.jpg,1,images/00399.jpg,3
00400.jpg,0,images/00400.jpg,0
00401.jpg,1,images/00401.jpg,2
00402.jpg,1,images/00402.jpg,1
00403.jpg,1,images/00403.jpg,2
00404.jpg,1,images/00404.jpg,3
00405.jpg,0,images/00405.jpg,4
00406.jpg,1,images/00406.jpg,2
00407.jpg,1,images/00407.jpg,3
00408.jpg,1,images/00408.jpg,4
00409.jpg,0,images/00409.jpg,4
00410.jpg,1,images/00410.jpg,1
00411.jpg,1,images/00411.jpg,4
00412.jpg,0,images/00412.jpg,3
00413.jpg,1,images/00413.jpg,4
00414.jpg,1,images/00414.jpg,3
00415.jpg,1,images/00415.jpg,3
00416.jpg,1,images/00416.jpg,3
00417.jpg,1,images/00417.jpg,0
00418.jpg,1,images/00418.jpg,4
00419.jpg,0,images/00419.jpg,2
00420.jpg,0,images/00420.jpg,2
00421.jpg,1,images/00421.jpg,0
00422.jpg,0,images/00422.jpg,3
00423.jpg,0,images/00423.jpg,1
00424.jpg,1,images/00424.jpg,0
00425.jpg,0,images/00425.jpg,3
00426.jpg,1,images/00426.jpg,0
00427.jpg,1,images/00427.jpg,1
00428.jpg,0,images/00428.jpg,1
00429.jpg,0,images/00429.jpg,3
00430.jpg,0,images/00430.jpg,3
00431.jpg,1,images/00431.jpg,1
00432.jpg,0,images/00432.jpg,1
00433.jpg,1,images/00433.jpg,2
00434.jpg,0,images/00434.jpg,0
00435.jpg,1,images/00435.jpg,3
00436.jpg,0,images/00436.jpg,4
00437.jpg,1,images/00437.jpg,3
00438.jpg,0,images/00438.jpg,1
00439.jpg,1,images/00439.jpg,0
00440.jpg,0,images/00440.jpg,1
00441.jpg,1,images/00441.jpg,0
00442.jpg,0,images/00442.jpg,1
00443.jpg,1,images/00443.jpg,0
00444.jpg,0,images/00444.jpg,3
00445.jpg,1,images/00445.jpg,3
00446.jpg,0,images/00446.jpg,1
00447.jpg,1,images/00447.jpg,2
00448.jpg,1,images/00448.jpg,3
00449.jpg,0,images/00449.jpg,2
00450.jpg,0,images/00450.jpg,0
00451.jpg,0,images/00451.jpg,3
00452.jpg,1,images/00452.jpg,3
00453.jpg,0,images/00453.jpg,2
00454.jpg,1,images/00454.jpg,2
00455.jpg,0,images/00455.jpg,1
00456.jpg,0,images/00456.jpg,4
00457.jpg,0,images/00457.jpg,0
00458.jpg,0,images/00458.jpg,2
00459.jpg,0,images/00459.jpg,0
00460.jpg,0,images/00460.jpg,0
00461.jpg,0,images/00461.jpg,3
00462.jpg,1,images/00462.jpg,4
00463.jpg,1,images/00463.jpg,0
00464.jpg,1,images/00464.jpg,2
00465.jpg,1,images/00465.jpg,4
00466.jpg,1,images/00466.jpg,2
00467.jpg,1,images/00467.jpg,0
00468.jpg,0,images/00468.jpg,0
00469.jpg,1,images/00469.jpg,2
00470.jpg,0,images/00470.jpg,2
00471.jpg,1,images/00471.jpg,1
00472.jpg,1,images/00472.jpg,4
00473.jpg,0,images/00473.jpg,1
00474.jpg,0,images/00474.jpg,4
00475.jpg,1,images/00475.jpg,4
00476.jpg,1,images/00476.jpg,3
00477.jpg,1,images/00477.jpg,1
00478.jpg,1,images/00478.jpg,1
00479.jpg,0,images/00479.jpg,0
00480.jpg,0,images/00480.jpg,4
00481.jpg,1,images/00481.jpg,1
00482.jpg,1,images/00482.jpg,3
00483.jpg,1,images/00483.jpg,3
00484.jpg,1,images/00484.jpg,2
00485.jpg,0,images/00485.jpg,2
00486.jpg,1,images/00486.jpg,2
00487.jpg,1,images/00487.jpg,0
00488.jpg,1,images/00488.jpg,1
00489.jpg,1,images/00489.jpg,4
00490.jpg,0,images/00490.jpg,1
00491.jpg,0,images/00491.jpg,4
00492.jpg,0,images/00492.jpg,1
00493.jpg,1,images/00493.jpg,2
00494.jpg,1,images/00494.jpg,4
00495.jpg,1,images/00495.jpg,1
00496.jpg,1,images/00496.jpg,3
00497.jpg,0,images/00497.jpg,1
00498.jpg,0,images/00498.jpg,0
00499.jpg,1,images/00499.jpg,1
00500.jpg,1,images/00500.jpg,4
00501.jpg,0,images/00501.jpg,4
00502.jpg,0,images/00502.jpg,2
00503.jpg,0,images/00503.jpg,1
00504.jpg,0,images/00504.jpg,2
00505.jpg,0,images/00505.jpg,1
00506.jpg,0,images/00506.jpg,0
00507.jpg,0,images/00507.jpg,3
00508.jpg,0,images/00508.jpg,1
00509.jpg,1,images/00509.jpg,3
00510.jpg,1,images/00510.jpg,0
00511.jpg,0,images/00511.jpg,1
00512.jpg,1,images/00512.jpg,2
00513.jpg,0,images/00513.jpg,1
00514.jpg,0,images/00514.jpg,2
00515.jpg,1,images/00515.jpg,4
00516.jpg,0,images/00516.jpg,0
00517.jpg,1,images/00517.jpg,1
00518.jpg,1,images/00518.jpg,4
00519.jpg,1,images/00519.jpg,0
00520.jpg,1,images/00520.jpg,0
00521.jpg,0,images/00521.jpg,2
00522.jpg,0,images/00522.jpg,2
00523.jpg,1,images/00523.jpg,4
00524.jpg,1,images/00524.jpg,0
00525.jpg,0,images/00525.jpg,3
00526.jpg,0,images/00526.jpg,1
00527.jpg,1,images/00527.jpg,3
00528.jpg,1,images/00528.jpg,3
00529.jpg,1,images/00529.jpg,2
00530.jpg,1,images/00530.jpg,4
00531.jpg,0,images/00531.jpg,2
00532.jpg,0,images/00532.jpg,0
00533.jpg,0,images/00533.jpg,3
00534.jpg,0,images/00534.jpg,2
00535.jpg,0,images/00535.jpg,1
00536.jpg,1,images/00536.jpg,2
00537.jpg,1,images/00537.jpg,3
00538.jpg,0,images/00538.jpg,0
00539.jpg,1,images/00539.jpg,3
00540.jpg,0,images/00540.jpg,0
00541.jpg,1,images/00541.jpg,1
00542.jpg,1,images/00542.jpg,2
00543.jpg,0,images/00543.jpg,3
00544.jpg,1,images/00544.jpg,4
00545.jpg,0,images/00545.jpg,4
00546.jpg,1,images/00546.jpg,4
00547.jpg,0,images/00547.jpg,0
00548.jpg,0,images/00548.jpg,4
00549.jpg,0,images/00549.jpg,2
00550.jpg,0,images/00550.jpg,2
00551.jpg,1,images/00551.jpg,4
00552.jpg,0,images/00552.jpg,2
00553.jpg,0,images/00553.jpg,1
00554.jpg,1,images/00554.jpg,0
00555.jpg,1,images/00555.jpg,4
00556.jpg,1,images/00556.jpg,4
00557.jpg,0,images/00557.jpg,3
00558.jpg,0,images/00558.jpg,3
00559.jpg,0,images/00559.jpg,2
00560.jpg,0,images/00560.jpg,4
00561.jpg,0,images/00561.jpg,1
00562.jpg,1,images/00562.jpg,0
00563.jpg,0,images/00563.jpg,2
00564.jpg,0,images/00564.jpg,1
00565.jpg,1,images/00565.jpg,2
00566.jpg,0,images/00566.jpg,1
00567.jpg,1,images/00567.jpg,2
00568.jpg,0,images/00568.jpg,4
00569.jpg,1,images/00569.jpg,2
00570.jpg,0,images/00570.jpg,2
00571.jpg,1,images/00571.jpg,3
00572.jpg,1,images/00572.jpg,3
00573.jpg,1,images/00573.jpg,4
00574.jpg,1,images/00574.jpg,2
00575.jpg,0,images/00575.jpg,4
00576.jpg,0,images/00576.jpg,3
00577.jpg,1,images/00577.jpg,0
00578.jpg,1,images/00578.jpg,2
00579.jpg,1,images/00579.jpg,2
00580.jpg,1,images/00580.jpg,2
00581.jpg,0,images/00581.jpg,4
00582.jpg,1,images/00582.jpg,2
00583.jpg,1,images/00583.jpg,2
00584.jpg,1,images/00584.jpg,4
00585.jpg,1,images/00585.jpg,2
00586.jpg,0,images/00586.jpg,0
00587.jpg,1,images/00587.jpg,0
00588.jpg,1,images/00588.jpg,0
00589.jpg,0,images/00589.jpg,4
00590.jpg,0,images/00590.jpg,3
00591.jpg,1,images/00591.jpg,0
00592.jpg,1,images/00592.jpg,1
00593.jpg,0,images/00593.jpg,3
00594.jpg,1,images/00594.jpg,3
00595.jpg,1,images/00595.jpg,2
00596.jpg,1,images/00596.jpg,3
00597.jpg,0,images/00597.jpg,1
00598.jpg,1,images/00598.jpg,3
00599.jpg,0,images/00599.jpg,0
00600.jpg,1,images/00600.jpg,2
00601.jpg,0,images/00601.jpg,2
00602.jpg,0,images/00602.jpg,3
00603.jpg,0,images/00603.jpg,2
00604.jpg,1,images/00604.jpg,4
00605.jpg,0,images/00605.jpg,2
00606.jpg,0,images/00606.jpg,0
00607.jpg,0,images/00607.jpg,0
00608.jpg,1,images/00608.jpg,1
00609.jpg,0,images/00609.jpg,3
00610.jpg,1,images/00610.jpg,3
00611.jpg,1,images/00611.jpg,0
00612.jpg,1,images/00612.jpg,1
00613.jpg,0,images/00613.jpg,2
00614.jpg,1,images/00614.jpg,3
00615.jpg,0,images/00615.jpg,2
00616.jpg,1,images/00616.jpg,2
00617.jpg,0,images/00617.jpg,3
00618.jpg,0,images/00618.jpg,4
00619.jpg,1,images/00619.jpg,0
00620.jpg,1,images/00620.jpg,0
00621.jpg,0,images/00621.jpg,0
00622.jpg,1,images/00622.jpg,4
00623.jpg,0,images/00623.jpg,4
00624.jpg,0,images/00624.jpg,1
00625.jpg,1,images/00625.jpg,0
00626.jpg,1,images/00626.jpg,3
00627.jpg,1,images/00627.jpg,0
00628.jpg,1,images/00628.jpg,3
00629.jpg,1,images/00629.jpg,3
00630.jpg,0,images/00630.jpg,3
00631.jpg,0,images/00631.jpg,1
00632.jpg,0,images/00632.jpg,0
00633.jpg,1,images/00633.jpg,0
00634.jpg,1,images/00634.jpg,1
00635.jpg,0,images/00635.jpg,0
00636.jpg,0,images/00636.jpg,0
00637.jpg,1,images/00637.jpg,2
00638.jpg,1,images/00638.jpg,0
00639.jpg,1,images/00639.jpg,4
00640.jpg,0,images/00640.jpg,4
00641.jpg,0,images/00641.jpg,0
00642.jpg,1,images/00642.jpg,4
00643.jpg,0,images/00643.jpg,0
00644.jpg,0,images/00644.jpg,1
00645.jpg,1,images/00645.jpg,0
00646.jpg,1,images/00646.jpg,1
00647.jpg,1,images/00647.jpg,2
00648.jpg,1,images/00648.jpg,3
00649.jpg,1,images/00649.jpg,3
00650.jpg,0,images/00650.jpg,0
00651.jpg,0,images/00651.jpg,2
00652.jpg,1,images/00652.jpg,3
00653.jpg,1,images/00653.jpg,2
00654.jpg,1,images/00654.jpg,4
00655.jpg,0,images/00655.jpg,1
00656.jpg,0,images/00656.jpg,2
00657.jpg,1,images/00657.jpg,1
00658.jpg,0,images/00658.jpg,4
00659.jpg,0,images/00659.jpg,2
00660.jpg,1,images/00660.jpg,3
00661.jpg,1,images/00661.jpg,3
00662.jpg,0,images/00662.jpg,4
00663.jpg,1,images/00663.jpg,2
00664.jpg,1,images/00664.jpg,0
00665.jpg,1,images/00665.jpg,2
00666.jpg,0,images/00666.jpg,4
00667.jpg,1,images/00667.jpg,0
00668.jpg,1,images/00668.jpg,4
00669.jpg,0,images/00669.jpg,2
00670.jpg,1,images/00670.jpg,4
00671.jpg,0,images/00671.jpg,0
00672.jpg,1,images/00672.jpg,4
00673.jpg,0,images/00673.jpg,1
00674.jpg,1,images/00674.jpg,3
00675.jpg,1,images/00675.jpg,3
00676.jpg,1,images/00676.jpg,1
00677.jpg,0,images/00677.jpg,1
00678.jpg,0,images/00678.jpg,4
00679.jpg,0,images/00679.jpg,2
00680.jpg,1,images/00680.jpg,4
00681.jpg,0,images/00681.jpg,4
00682.jpg,0,images/00682.jpg,3
00683.jpg,1,images/00683.jpg,4
00684.jpg,1,images/00684.jpg,3
00685.jpg,1,images/00685.jpg,1
00686.jpg,1,images/00686.jpg,1
00687.jpg,1,images/00687.jpg,1
00688.jpg,1,images/00688.jpg,3
00689.jpg,1,images/00689.jpg,0
00690.jpg,1,images/00690.jpg,1
00691.jpg,1,images/00691.jpg,2
00692.jpg,0,images/00692.jpg,4
00693.jpg,1,images/00693.jpg,3
00694.jpg,1,images/00694.jpg,1
00695.jpg,0,images/00695.jpg,2
00696.jpg,0,images/00696.jpg,3
00697.jpg,0,images/00697.jpg,2
00698.jpg,0,images/00698.jpg,4
00699.jpg,1,images/00699.jpg,3
00700.jpg,0,images/00700.jpg,1
00701.jpg,0,images/00701.jpg,2
00702.jpg,0,images/00702.jpg,0
00703.jpg,0,images/00703.jpg,3
00704.jpg,0,images/00704.jpg,4
00705.jpg,0,images/00705.jpg,1
00706.jpg,1,images/00706.jpg,2
00707.jpg,0,images/00707.jpg,0
00708.jpg,0,images/00708.jpg,3
00709.jpg,0,images/00709.jpg,2
00710.jpg,1,images/00710.jpg,4
00711.jpg,0,images/00711.jpg,1
00712.jpg,0,images/00712.jpg,0
00713.jpg,1,images/00713.jpg,4
00714.jpg,1,images/00714.jpg,0
00715.jpg,1,images/00715.jpg,3
00716.jpg,1,images/00716.jpg,2
00717.jpg,1,images/00717.jpg,0
00718.jpg,0,images/00718.jpg,3
00719.jpg,1,images/00719.jpg,3
00720.jpg,1,images/00720.jpg,4
00721.jpg,0,images/00721.jpg,1
00722.jpg,1,images/00722.jpg,1
00723.jpg,1,images/00723.jpg,3
00724.jpg,1,images/00724.jpg,0
00725.jpg,0,images/00725.jpg,4
00726.jpg,1,images/00726.jpg,1
00727.jpg,0,images/00727.jpg,2
00728.jpg,0,images/00728.jpg,2
00729.jpg,1,images/00729.jpg,0
00730.jpg,0,images/00730.jpg,3
00731.jpg,1,images/00731.jpg,1
00732.jpg,1,images/00732.jpg,2
00733.jpg,0,images/00733.jpg,1
00734.jpg,0,images/00734.jpg,1
00735.jpg,0,images/00735.jpg,0
00736.jpg,1,images/00736.jpg,4
00737.jpg,1,images/00737.jpg,0
00738.jpg,1,images/00738.jpg,0
00739.jpg,1,images/00739.jpg,2
00740.jpg,0,images/00740.jpg,3
00741.jpg,0,images/00741.jpg,1
00742.jpg,0,images/00742.jpg,1
00743.jpg,0,images/00743.jpg,3
00744.jpg,1,images/00744.jpg,3
00745.jpg,1,images/00745.jpg,4
00746.jpg,1,images/00746.jpg,2
00747.jpg,1,images/00747.jpg,4
00748.jpg,0,images/00748.jpg,0
00749.jpg,1,images/00749.jpg,3
00750.jpg,1,images/00750.jpg,4
00751.jpg,1,images/00751.jpg,0
00752.jpg,0,images/00752.jpg,2
00753.jpg,1,images/00753.jpg,0
00754.jpg,0,images/00754.jpg,1
00755.jpg,1,images/00755.jpg,1
00756.jpg,1,images/00756.jpg,1
00757.jpg,1,images/00757.jpg,3
00758.jpg,0,images/00758.jpg,2
00759.jpg,1,images/00759.jpg,1
00760.jpg,1,images/00760.jpg,1
00761.jpg,1,images/00761.jpg,2
00762.jpg,0,images/00762.jpg,2
00763.jpg,0,images/00763.jpg,4
00764.jpg,1,images/00764.jpg,1
00765.jpg,0,images/00765.jpg,3
00766.jpg,1,images/00766.jpg,0
00767.jpg,0,images/00767.jpg,2
00768.jpg,1,images/00768.jpg,1
00769.jpg,1,images/00769.jpg,3
00770.jpg,0,images/00770.jpg,2
00771.jpg,0,images/00771.jpg,3
00772.jpg,0,images/00772.jpg,3
00773.jpg,1,images/00773.jpg,4
00774.jpg,0,images/00774.jpg,2
00775.jpg,1,images/00775.jpg,3
00776.jpg,1,images/00776.jpg,3
00777.jpg,1,images/00777.jpg,2
00778.jpg,1,images/00778.jpg,0
00779.jpg,1,images/00779.jpg,4
00780.jpg,1,images/00780.jpg,3
00781.jpg,1,images/00781.jpg,4
00782.jpg,1,images/00782.jpg,1
00783.jpg,1,images/00783.jpg,0
00784.jpg,1,images/00784.jpg,4
00785.jpg,1,images/00785.jpg,1
00786.jpg,0,images/00786.jpg,4
00787.jpg,1,images/00787.jpg,4
00788.jpg,1,images/00788.jpg,2
00789.jpg,0,images/00789.jpg,4
00790.jpg,0,images/00790.jpg,1
00791.jpg,0,images/00791.jpg,0
00792.jpg,1,images/00792.jpg,3
00793.jpg,0,images/00793.jpg,3
00794.jpg,0,images/00794.jpg,3
00795.jpg,0,images/00795.jpg,1
00796.jpg,0,images/00796.jpg,3
00797.jpg,0,images/00797.jpg,0
00798.jpg,1,images/00798.jpg,1
00799.jpg,1,images/00799.jpg,0
00800.jpg,1,images/00800.jpg,1
00801.jpg,0,images/00801.jpg,4
00802.jpg,1,images/00802.jpg,4
00803.jpg,1,images/00803.jpg,2
00804.jpg,1,images/00804.jpg,1
00805.jpg,0,images/00805.jpg,3
00806.jpg,0,images/00806.jpg,1
00807.jpg,0,images/00807.jpg,1
00808.jpg,1,images/00808.jpg,4
00809.jpg,1,images/00809.jpg,1
00810.jpg,0,images/00810.jpg,2
00811.jpg,0,images/00811.jpg,0
00812.jpg,1,images/00812.jpg,3
00813.jpg,1,images/00813.jpg,4
00814.jpg,0,images/00814.jpg,3
00815.jpg,0,images/00815.jpg,3
00816.jpg,0,images/00816.jpg,0
00817.jpg,0,images/00817.jpg,3
00818.jpg,1,images/00818.jpg,1
00819.jpg,0,images/00819.jpg,1
00820.jpg,1,images/00820.jpg,4
00821.jpg,1,images/00821.jpg,4
00822.jpg,0,images/00822.jpg,1
00823.jpg,1,images/00823.jpg,0
00824.jpg,1,images/00824.jpg,3
00825.jpg,1,images/00825.jpg,4
00826.jpg,1,images/00826.jpg,4
00827.jpg,0,images/00827.jpg,0
00828.jpg,0,images/00828.jpg,4
00829.jpg,0,images/00829.jpg,4
00830.jpg,0,images/00830.jpg,3
00831.jpg,0,images/00831.jpg,2
00832.jpg,0,images/00832.jpg,2
00833.jpg,1,images/00833.jpg,3
00834.jpg,1,images/00834.jpg,1
00835.jpg,0,images/00835.jpg,3
00836.jpg,0,images/00836.jpg,2
00837.jpg,0,images/00837.jpg,2
00838.jpg,0,images/00838.jpg,0
00839.jpg,1,images/00839.jpg,4
00840.jpg,1,images/00840.jpg,4
00841.jpg,1,images/00841.jpg,0
00842.jpg,0,images/00842.jpg,1
00843.jpg,0,images/00843.jpg,2
00844.jpg,0,images/00844.jpg,1
00845.jpg,1,images/00845.jpg,1
00846.jpg,1,images/00846.jpg,1
00847.jpg,1,images/00847.jpg,2
00848.jpg,0,images/00848.jpg,0
00849.jpg,0,images/00849.jpg,2
00850.jpg,0,images/00850.jpg,4
00851.jpg,0,images/00851.jpg,2
00852.jpg,1,images/00852.jpg,2
00853.jpg,1,images/00853.jpg,4
00854.jpg,1,images/00854.jpg,1
00855.jpg,1,images/00855.jpg,2
00856.jpg,1,images/00856.jpg,2
00857.jpg,1,images/00857.jpg,4
00858.jpg,0,images/00858.jpg,1
00859.jpg,0,images/00859.jpg,2
00860.jpg,0,images/00860.jpg,1
00861.jpg,1,images/00861.jpg,0
00862.jpg,0,images/00862.jpg,0
00863.jpg,1,images/00863.jpg,2
00864.jpg,1,images/00864.jpg,4
00865.jpg,0,images/00865.jpg,0
00866.jpg,0,images/00866.jpg,3
00867.jpg,0,images/00867.jpg,1
00868.jpg,1,images/00868.jpg,1
00869.jpg,0,images/00869.jpg,1
00870.jpg,0,images/00870.jpg,4
00871.jpg,0,images/00871.jpg,2
00872.jpg,1,images/00872.jpg,1
00873.jpg,1,images/00873.jpg,3
00874.jpg,0,images/00874.jpg,0
00875.jpg,1,images/00875.jpg,1
00876.jpg,1,images/00876.jpg,0
00877.jpg,0,images/00877.jpg,4
00878.jpg,0,images/00878.jpg,1
00879.jpg,1,images/00879.jpg,3
00880.jpg,1,images/00880.jpg,3
00881.jpg,1,images/00881.jpg,4
00882.jpg,1,images/00882.jpg,0
00883.jpg,1,images/00883.jpg,2
00884.jpg,1,images/00884.jpg,2
00885.jpg,0,images/00885.jpg,0
00886.jpg,0,images/00886.jpg,4
00887.jpg,1,images/00887.jpg,3
00888.jpg,0,images/00888.jpg,4
00889.jpg,0,images/00889.jpg,1
00890.jpg,0,images/00890.jpg,2
00891.jpg,1,images/00891.jpg,0
00892.jpg,1,images/00892.jpg,2
00893.jpg,0,images/00893.jpg,1
00894.jpg,1,images/00894.jpg,2
00895.jpg,1,images/00895.jpg,2
00896.jpg,1,images/00896.jpg,3
00897.jpg,1,images/00897.jpg,3
00898.jpg,1,images/00898.jpg,4
00899.jpg,0,images/00899.jpg,3
00900.jpg,0,images/00900.jpg,0
00901.jpg,1,images/00901.jpg,4
00902.jpg,1,images/00902.jpg,2
00903.jpg,0,images/00903.jpg,3
00904.jpg,1,images/00904.jpg,0
00905.jpg,0,images/00905.jpg,3
00906.jpg,1,images/00906.jpg,0
00907.jpg,0,images/00907.jpg,3
00908.jpg,0,images/00908.jpg,0
00909.jpg,1,images/00909.jpg,2
00910.jpg,0,images/00910.jpg,2
00911.jpg,1,images/00911.jpg,3
00912.jpg,0,images/00912.jpg,3
00913.jpg,1,images/00913.jpg,2
00914.jpg,0,images/00914.jpg,1
00915.jpg,0,images/00915.jpg,3
00916.jpg,0,images/00916.jpg,4
00917.jpg,0,images/00917.jpg,4
00918.jpg,0,images/00918.jpg,1
00919.jpg,1,images/00919.jpg,3
00920.jpg,0,images/00920.jpg,3
00921.jpg,1,images/00921.jpg,1
00922.jpg,1,images/00922.jpg,0
00923.jpg,1,images/00923.jpg,0
00924.jpg,1,images/00924.jpg,1
00925.jpg,0,images/00925.jpg,0
00926.jpg,1,images/00926.jpg,3
00927.jpg,1,images/00927.jpg,2
00928.jpg,1,images/00928.jpg,2
00929.jpg,0,images/00929.jpg,0
00930.jpg,1,images/00930.jpg,3
00931.jpg,1,images/00931.jpg,0
00932.jpg,1,images/00932.jpg,4
00933.jpg,0,images/00933.jpg,1
00934.jpg,1,images/00934.jpg,0
00935.jpg,0,images/00935.jpg,3
00936.jpg,0,images/00936.jpg,1
00937.jpg,0,images/00937.jpg,2
00938.jpg,1,images/00938.jpg,4
00939.jpg,0,images/00939.jpg,0
00940.jpg,0,images/00940.jpg,2
00941.jpg,0,images/00941.jpg,2
00942.jpg,1,images/00942.jpg,4
00943.jpg,1,images/00943.jpg,3
00944.jpg,0,images/00944.jpg,3
00945.jpg,1,images/00945.jpg,0
00946.jpg,1,images/00946.jpg,4
00947.jpg,0,images/00947.jpg,2
00948.jpg,0,images/00948.jpg,0
00949.jpg,0,images/00949.jpg,1
00950.jpg,1,images/00950.jpg,0
00951.jpg,1,images/00951.jpg,2
00952.jpg,0,images/00952.jpg,2
00953.jpg,1,images/00953.jpg,4
00954.jpg,0,images/00954.jpg,3
00955.jpg,0,images/00955.jpg,4
00956.jpg,1,images/00956.jpg,1
00957.jpg,0,images/00957.jpg,1
00958.jpg,0,images/00958.jpg,3
00959.jpg,1,images/00959.jpg,4
00960.jpg,1,images/00960.jpg,2
00961.jpg,1,images/00961.jpg,3
00962.jpg,0,images/00962.jpg,3
00963.jpg,0,images/00963.jpg,3
00964.jpg,1,images/00964.jpg,2
00965.jpg,0,images/00965.jpg,3
00966.jpg,1,images/00966.jpg,0
00967.jpg,0,images/00967.jpg,0
00968.jpg,0,images/00968.jpg,2
00969.jpg,0,images/00969.jpg,0
00970.jpg,1,images/00970.jpg,3
00971.jpg,1,images/00971.jpg,4
00972.jpg,1,images/00972.jpg,0
00973.jpg,0,images/00973.jpg,3
00974.jpg,1,images/00974.jpg,0
00975.jpg,0,images/00975.jpg,2
00976.jpg,1,images/00976.jpg,4
00977.jpg,1,images/00977.jpg,0
00978.jpg,1,images/00978.jpg,2
00979.jpg,0,images/00979.jpg,2
00980.jpg,1,images/00980.jpg,1
00981.jpg,0,images/00981.jpg,0
00982.jpg,0,images/00982.jpg,1
00983.jpg,0,images/00983.jpg,4
00984.jpg,1,images/00984.jpg,1
00985.jpg,0,images/00985.jpg,4
00986.jpg,1,images/00986.jpg,2
00987.jpg,0,images/00987.jpg,1
00988.jpg,1,images/00988.jpg,4
00989.jpg,1,images/00989.jpg,2
00990.jpg,0,images/00990.jpg,4
00991.jpg,0,images/00991.jpg,3
00992.jpg,1,images/00992.jpg,0
00993.jpg,1,images/00993.jpg,4
00994.jpg,1,images/00994.jpg,3
00995.jpg,1,images/00995.jpg,4
00996.jpg,0,images/00996.jpg,3
00997.jpg,0,images/00997.jpg,0
00998.jpg,0,images/00998.jpg,3
00999.jpg,1,images/00999.jpg,1
01000.jpg,1,images/01000.jpg,4
01001.jpg,1,images/01001.jpg,1
01002.jpg,1,images/01002.jpg,2
01003.jpg,0,images/01003.jpg,2
01004.jpg,0,images/01004.jpg,3
01005.jpg,0,images/01005.jpg,0
01006.jpg,0,images/01006.jpg,1
01007.jpg,1,images/01007.jpg,1
01008.jpg,1,images/01008.jpg,2
01009.jpg,1,images/01009.jpg,3
01010.jpg,1,images/01010.jpg,2
01011.jpg,1,images/01011.jpg,3
01012.jpg,1,images/01012.jpg,4
01013.jpg,1,images/01013.jpg,3
01014.jpg,0,images/01014.jpg,0
01015.jpg,1,images/01015.jpg,2
01016.jpg,0,images/01016.jpg,0
01017.jpg,1,images/01017.jpg,3
01018.jpg,1,images/01018.jpg,2
01019.jpg,0,images/01019.jpg,2
01020.jpg,1,images/01020.jpg,1
01021.jpg,0,images/01021.jpg,0
01022.jpg,0,images/01022.jpg,2
01023.jpg,1,images/01023.jpg,4
01024.jpg,0,images/01024.jpg,3
01025.jpg,1,images/01025.jpg,4
01026.jpg,1,images/01026.jpg,0
01027.jpg,0,images/01027.jpg,1
01028.jpg,0,images/01028.jpg,2
01029.jpg,1,images/01029.jpg,0
01030.jpg,1,images/01030.jpg,1
01031.jpg,1,images/01031.jpg,0
01032.jpg,0,images/01032.jpg,3
01033.jpg,0,images/01033.jpg,2
01034.jpg,0,images/01034.jpg,3
01035.jpg,1,images/01035.jpg,0
01036.jpg,0,images/01036.jpg,2
01037.jpg,0,images/01037.jpg,4
01038.jpg,0,images/01038.jpg,3
01039.jpg,1,images/01039.jpg,1
01040.jpg,0,images/01040.jpg,4
01041.jpg,0,images/01041.jpg,4
01042.jpg,1,images/01042.jpg,4
01043.jpg,0,images/01043.jpg,1
01044.jpg,1,images/01044.jpg,4
01045.jpg,1,images/01045.jpg,0
01046.jpg,1,images/01046.jpg,0
01047.jpg,0,images/01047.jpg,2
01048.jpg,1,images/01048.jpg,3
01049.jpg,1,images/01049.jpg,4
01050.jpg,0,images/01050.jpg,1
01051.jpg,1,images/01051.jpg,4
01052.jpg,1,images/01052.jpg,1
01053.jpg,0,images/01053.jpg,2
01054.jpg,1,images/01054.jpg,1
01055.jpg,0,images/01055.jpg,2
01056.jpg,0,images/01056.jpg,3
01057.jpg,1,images/01057.jpg,1
01058.jpg,0,images/01058.jpg,0
01059.jpg,0,images/01059.jpg,3
01060.jpg,1,images/01060.jpg,2
01061.jpg,0,images/01061.jpg,1
01062.jpg,1,images/01062.jpg,3
01063.jpg,1,images/01063.jpg,4
01064.jpg,0,images/01064.jpg,3
01065.jpg,1,images/01065.jpg,0
01066.jpg,0,images/01066.jpg,3
01067.jpg,1,images/01067.jpg,2
01068.jpg,1,images/01068.jpg,0
01069.jpg,1,images/01069.jpg,2
01070.jpg,0,images/01070.jpg,2
01071.jpg,1,images/01071.jpg,0
01072.jpg,1,images/01072.jpg,4
01073.jpg,0,images/01073.jpg,2
01074.jpg,1,images/01074.jpg,1
01075.jpg,0,images/01075.jpg,2
01076.jpg,1,images/01076.jpg,1
01077.jpg,1,images/01077.jpg,0
01078.jpg,0,images/01078.jpg,4
01079.jpg,1,images/01079.jpg,1
01080.jpg,0,images/01080.jpg,4
01081.jpg,0,images/01081.jpg,4
01082.jpg,1,images/01082.jpg,1
01083.jpg,1,images/01083.jpg,0
01084.jpg,0,images/01084.jpg,0
01085.jpg,0,images/01085.jpg,2
01086.jpg,1,images/01086.jpg,3
01087.jpg,1,images/01087.jpg,1
01088.jpg,0,images/01088.jpg,4
01089.jpg,0,images/01089.jpg,3
01090.jpg,0,images/01090.jpg,4
01091.jpg,0,images/01091.jpg,0
01092.jpg,0,images/01092.jpg,2
01093.jpg,0,images/01093.jpg,1
01094.jpg,0,images/01094.jpg,3
01095.jpg,1,images/01095.jpg,2
01096.jpg,1,images/01096.jpg,1
01097.jpg,0,images/01097.jpg,2
01098.jpg,1,images/01098.jpg,4
01099.jpg,1,images/01099.jpg,0
01100.jpg,1,images/01100.jpg,2
01101.jpg,0,images/01101.jpg,0
01102.jpg,0,images/01102.jpg,1
01103.jpg,0,images/01103.jpg,4
01104.jpg,1,images/01104.jpg,2
01105.jpg,1,images/01105.jpg,4
01106.jpg,0,images/01106.jpg,2
01107.jpg,1,images/01107.jpg,3
01108.jpg,0,images/01108.jpg,2
01109.jpg,0,images/01109.jpg,0
01110.jpg,0,images/01110.jpg,2
01111.jpg,1,images/01111.jpg,0
01112.jpg,0,images/01112.jpg,0
01113.jpg,1,images/01113.jpg,0
01114.jpg,0,images/01114.jpg,4
01115.jpg,1,images/01115.jpg,1
01116.jpg,0,images/01116.jpg,4
01117.jpg,0,images/01117.jpg,3
01118.jpg,0,images/01118.jpg,2
01119.jpg,1,images/01119.jpg,2
01120.jpg,1,images/01120.jpg,3
01121.jpg,0,images/01121.jpg,4
01122.jpg,0,images/01122.jpg,0
01123.jpg,1,images/01123.jpg,1
01124.jpg,0,images/01124.jpg,0
01125.jpg,0,images/01125.jpg,1
01126.jpg,0,images/01126.jpg,2
01127.jpg,0,images/01127.jpg,4
01128.jpg,1,images/01128.jpg,0
01129.jpg,1,images/01129.jpg,0
01130.jpg,1,images/01130.jpg,3
01131.jpg,0,images/01131.jpg,0
01132.jpg,1,images/01132.jpg,3
01133.jpg,0,images/01133.jpg,4
01134.jpg,1,images/01134.jpg,4
01135.jpg,1,images/01135.jpg,2
01136.jpg,1,images/01136.jpg,3
01137.jpg,1,images/01137.jpg,1
01138.jpg,1,images/01138.jpg,1
01139.jpg,1,images/01139.jpg,1
01140.jpg,0,images/01140.jpg,2
01141.jpg,1,images/01141.jpg,2
01142.jpg,1,images/01142.jpg,0
01143.jpg,1,images/01143.jpg,4
01144.jpg,1,images/01144.jpg,3
01145.jpg,1,images/01145.jpg,2
01146.jpg,1,images/01146.jpg,3
01147.jpg,1,images/01147.jpg,4
01148.jpg,1,images/01148.jpg,4
01149.jpg,1,images/01149.jpg,0
01150.jpg,0,images/01150.jpg,0
01151.jpg,0,images/01151.jpg,1
01152.jpg,1,images/01152.jpg,3
01153.jpg,0,images/01153.jpg,3
01154.jpg,1,images/01154.jpg,4
01155.jpg,1,images/01155.jpg,3
01156.jpg,0,images/01156.jpg,4
01157.jpg,1,images/01157.jpg,4
01158.jpg,1,images/01158.jpg,1
01159.jpg,1,images/01159.jpg,3
01160.jpg,0,images/01160.jpg,3
01161.jpg,0,images/01161.jpg,1
01162.jpg,1,images/01162.jpg,1
01163.jpg,0,images/01163.jpg,2
01164.jpg,1,images/01164.jpg,0
01165.jpg,1,images/01165.jpg,4
01166.jpg,0,images/01166.jpg,1
01167.jpg,0,images/01167.jpg,2
01168.jpg,1,images/01168.jpg,4
01169.jpg,0,images/01169.jpg,4
01170.jpg,1,images/01170.jpg,2
01171.jpg,1,images/01171.jpg,4
01172.jpg,1,images/01172.jpg,2
01173.jpg,1,images/01173.jpg,0
01174.jpg,0,images/01174.jpg,1
01175.jpg,1,images/01175.jpg,1
01176.jpg,0,images/01176.jpg,4
01177.jpg,0,images/01177.jpg,4
01178.jpg,0,images/01178.jpg,2
01179.jpg,0,images/01179.jpg,4
01180.jpg,0,images/01180.jpg,3
01181.jpg,0,images/01181.jpg,3
01182.jpg,1,images/01182.jpg,2
01183.jpg,1,images/01183.jpg,1
01184.jpg,1,images/01184.jpg,3
01185.jpg,1,images/01185.jpg,3
01186.jpg,0,images/01186.jpg,4
01187.jpg,0,images/01187.jpg,3
01188.jpg,0,images/01188.jpg,2
01189.jpg,1,images/01189.jpg,3
01190.jpg,1,images/01190.jpg,0
01191.jpg,1,images/01191.jpg,0
01192.jpg,1,images/01192.jpg,4
01193.jpg,1,images/01193.jpg,1
01194.jpg,0,images/01194.jpg,4
01195.jpg,0,images/01195.jpg,0
01196.jpg,1,images/01196.jpg,0
01197.jpg,0,images/01197.jpg,4
01198.jpg,0,images/01198.jpg,3
01199.jpg,1,images/01199.jpg,1
01200.jpg,0,images/01200.jpg,0
01201.jpg,0,images/01201.jpg,4
01202.jpg,1,images/01202.jpg,2
01203.jpg,0,images/01203.jpg,0
01204.jpg,0,images/01204.jpg,0
01205.jpg,1,images/01205.jpg,0
01206.jpg,0,images/01206.jpg,4
01207.jpg,1,images/01207.jpg,4
01208.jpg,1,images/01208.jpg,3
01209.jpg,1,images/01209.jpg,4
01210.jpg,1,images/01210.jpg,1
01211.jpg,1,images/01211.jpg,3
01212.jpg,0,images/01212.jpg,4
01213.jpg,0,images/01213.jpg,3
01214.jpg,0,images/01214.jpg,1
01215.jpg,1,images/01215.jpg,3
01216.jpg,0,images/01216.jpg,1
01217.jpg,1,images/01217.jpg,1
01218.jpg,0,images/01218.jpg,4
01219.jpg,1,images/01219.jpg,2
01220.jpg,0,images/01220.jpg,1
01221.jpg,1,images/01221.jpg,4
01222.jpg,0,images/01222.jpg,0
01223.jpg,1,images/01223.jpg,4
01224.jpg,0,images/01224.jpg,3
01225.jpg,0,images/01225.jpg,1
01226.jpg,1,images/01226.jpg,4
01227.jpg,0,images/01227.jpg,4
01228.jpg,1,images/01228.jpg,2
01229.jpg,1,images/01229.jpg,3
01230.jpg,0,images/01230.jpg,1
01231.jpg,0,images/01231.jpg,4
01232.jpg,1,images/01232.jpg,2
01233.jpg,0,images/01233.jpg,3
01234.jpg,0,images/01234.jpg,4
01235.jpg,1,images/01235.jpg,0
01236.jpg,1,images/01236.jpg,0
01237.jpg,0,images/01237.jpg,4
01238.jpg,0,images/01238.jpg,1
01239.jpg,1,images/01239.jpg,3
01240.jpg,0,images/01240.jpg,4
01241.jpg,1,images/01241.jpg,4
01242.jpg,0,images/01242.jpg,1
01243.jpg,1,images/01243.jpg,0
01244.jpg,0,images/01244.jpg,1
01245.jpg,1,images/01245.jpg,3
01246.jpg,0,images/01246.jpg,1
01247.jpg,1,images/01247.jpg,4
01248.jpg,0,images/01248.jpg,2
01249.jpg,0,images/01249.jpg,4
01250.jpg,0,images/01250.jpg,4
01251.jpg,0,images/01251.jpg,3
01252.jpg,1,images/01252.jpg,4
01253.jpg,0,images/01253.jpg,1
01254.jpg,0,images/01254.jpg,0
01255.jpg,1,images/01255.jpg,4
01256.jpg,0,images/01256.jpg,2
01257.jpg,1,images/01257.jpg,4
01258.jpg,0,images/01258.jpg,0
01259.jpg,0,images/01259.jpg,1
01260.jpg,1,images/01260.jpg,0
01261.jpg,0,images/01261.jpg,2
01262.jpg,0,images/01262.jpg,1
01263.jpg,0,images/01263.jpg,2
01264.jpg,0,images/01264.jpg,1
01265.jpg,1,images/01265.jpg,1
01266.jpg,1,images/01266.jpg,0
01267.jpg,1,images/01267.jpg,0
01268.jpg,1,images/01268.jpg,1
01269.jpg,0,images/01269.jpg,0
01270.jpg,1,images/01270.jpg,0
01271.jpg,0,images/01271.jpg,3
01272.jpg,0,images/01272.jpg,0
01273.jpg,0,images/01273.jpg,2
01274.jpg,0,images/01274.jpg,2
01275.jpg,0,images/01275.jpg,4
01276.jpg,0,images/01276.jpg,0
01277.jpg,0,images/01277.jpg,2
01278.jpg,1,images/01278.jpg,0
01279.jpg,0,images/01279.jpg,0
01280.jpg,1,images/01280.jpg,3
01281.jpg,0,images/01281.jpg,0
01282.jpg,1,images/01282.jpg,4
01283.jpg,1,images/01283.jpg,0
01284.jpg,0,images/01284.jpg,3
01285.jpg,0,images/01285.jpg,4
01286.jpg,1,images/01286.jpg,0
01287.jpg,1,images/01287.jpg,1
01288.jpg,0,images/01288.jpg,0
01289.jpg,1,images/01289.jpg,1
01290.jpg,1,images/01290.jpg,3
01291.jpg,0,images/01291.jpg,1
01292.jpg,1,images/01292.jpg,1
01293.jpg,1,images/01293.jpg,2
01294.jpg,0,images/01294.jpg,1
01295.jpg,1,images/01295.jpg,4
01296.jpg,1,images/01296.jpg,4
01297.jpg,1,images/01297.jpg,4
01298.jpg,1,images/01298.jpg,3
01299.jpg,1,images/01299.jpg,3
01300.jpg,0,images/01300.jpg,3
01301.jpg,1,images/01301.jpg,2
01302.jpg,0,images/01302.jpg,3
01303.jpg,1,images/01303.jpg,0
01304.jpg,1,images/01304.jpg,4
01305.jpg,0,images/01305.jpg,0
01306.jpg,0,images/01306.jpg,0
01307.jpg,0,images/01307.jpg,2
01308.jpg,1,images/01308.jpg,4
01309.jpg,0,images/01309.jpg,2
01310.jpg,0,images/01310.jpg,4
01311.jpg,0,images/01311.jpg,1
01312.jpg,0,images/01312.jpg,4
01313.jpg,0,images/01313.jpg,4
01314.jpg,0,images/01314.jpg,3
01315.jpg,0,images/01315.jpg,3
01316.jpg,1,images/01316.jpg,2
01317.jpg,1,images/01317.jpg,4
01318.jpg,0,images/01318.jpg,3
01319.jpg,1,images/01319.jpg,1
01320.jpg,1,images/01320.jpg,2
01321.jpg,0,images/01321.jpg,1
01322.jpg,1,images/01322.jpg,0
01323.jpg,0,images/01323.jpg,0
01324.jpg,0,images/01324.jpg,0
01325.jpg,1,images/01325.jpg,4
01326.jpg,0,images/01326.jpg,1
01327.jpg,0,images/01327.jpg,4
01328.jpg,0,images/01328.jpg,3
01329.jpg,1,images/01329.jpg,2
01330.jpg,0,images/01330.jpg,1
01331.jpg,0,images/01331.jpg,1
01332.jpg,0,images/01332.jpg,1
01333.jpg,1,images/01333.jpg,0
01334.jpg,0,images/01334.jpg,3
01335.jpg,1,images/01335.jpg,1
01336.jpg,0,images/01336.jpg,3
01337.jpg,0,images/01337.jpg,3
01338.jpg,0,images/01338.jpg,2
01339.jpg,1,images/01339.jpg,0
01340.jpg,0,images/01340.jpg,2
01341.jpg,1,images/01341.jpg,3
01342.jpg,0,images/01342.jpg,1
01343.jpg,1,images/01343.jpg,4
01344.jpg,1,images/01344.jpg,0
01345.jpg,0,images/01345.jpg,1
01346.jpg,0,images/01346.jpg,2
01347.jpg,1,images/01347.jpg,2
01348.jpg,1,images/01348.jpg,0
01349.jpg,0,images/01349.jpg,2
01350.jpg,0,images/01350.jpg,3
01351.jpg,0,images/01351.jpg,1
01352.jpg,1,images/01352.jpg,1
01353.jpg,1,images/01353.jpg,3
01354.jpg,1,images/01354.jpg,0
01355.jpg,1,images/01355.jpg,0
01356.jpg,0,images/01356.jpg,4
01357.jpg,0,images/01357.jpg,0
01358.jpg,0,images/01358.jpg,2
01359.jpg,1,images/01359.jpg,1
01360.jpg,1,images/01360.jpg,0
01361.jpg,0,images/01361.jpg,1
01362.jpg,0,images/01362.jpg,4
01363.jpg,0,images/01363.jpg,2
01364.jpg,0,images/01364.jpg,1
01365.jpg,1,images/01365.jpg,3
01366.jpg,0,images/01366.jpg,0
01367.jpg,1,images/01367.jpg,2
01368.jpg,0,images/01368.jpg,4
01369.jpg,0,images/01369.jpg,2
01370.jpg,1,images/01370.jpg,0
01371.jpg,0,images/01371.jpg,4
01372.jpg,0,images/01372.jpg,2
01373.jpg,0,images/01373.jpg,3
01374.jpg,0,images/01374.jpg,1
01375.jpg,1,images/01375.jpg,2
01376.jpg,0,images/01376.jpg,4
01377.jpg,0,images/01377.jpg,1
01378.jpg,1,images/01378.jpg,0
01379.jpg,0,images/01379.jpg,4
01380.jpg,0,images/01380.jpg,4
01381.jpg,1,images/01381.jpg,4
01382.jpg,0,images/01382.jpg,0
01383.jpg,0,images/01383.jpg,2
01384.jpg,0,images/01384.jpg,1
01385.jpg,1,images/01385.jpg,0
01386.jpg,0,images/01386.jpg,1
01387.jpg,0,images/01387.jpg,1
01388.jpg,1,images/01388.jpg,0
01389.jpg,1,images/01389.jpg,4
01390.jpg,1,images/01390.jpg,4
01391.jpg,1,images/01391.jpg,1
01392.jpg,0,images/01392.jpg,1
01393.jpg,1,images/01393.jpg,1
01394.jpg,0,images/01394.jpg,3
01395.jpg,0,images/01395.jpg,1
01396.jpg,1,images/01396.jpg,2
01397.jpg,0,images/01397.jpg,0
01398.jpg,1,images/01398.jpg,2
01399.jpg,1,images/01399.jpg,3
01400.jpg,1,images/01400.jpg,1
01401.jpg,0,images/01401.jpg,2
01402.jpg,0,images/01402.jpg,2
01403.jpg,0,images/01403.jpg,4
01404.jpg,0,images/01404.jpg,4
01405.jpg,1,images/01405.jpg,1
01406.jpg,1,images/01406.jpg,2
01407.jpg,1,images/01407.jpg,0
01408.jpg,1,images/01408.jpg,0
01409.jpg,0,images/01409.jpg,2
01410.jpg,1,images/01410.jpg,4
01411.jpg,1,images/01411.jpg,0
01412.jpg,1,images/01412.jpg,3
01413.jpg,0,images/01413.jpg,0
01414.jpg,0,images/01414.jpg,1
01415.jpg,1,images/01415.jpg,3
01416.jpg,1,images/01416.jpg,0
01417.jpg,0,images/01417.jpg,4
01418.jpg,1,images/01418.jpg,1
01419.jpg,0,images/01419.jpg,0
01420.jpg,0,images/01420.jpg,3
01421.jpg,0,images/01421.jpg,3
01422.jpg,0,images/01422.jpg,2
01423.jpg,1,images/01423.jpg,1
01424.jpg,1,images/01424.jpg,2
01425.jpg,0,images/01425.jpg,4
01426.jpg,0,images/01426.jpg,2
01427.jpg,1,images/01427.jpg,2
01428.jpg,1,images/01428.jpg,1
01429.jpg,0,images/01429.jpg,4
01430.jpg,1,images/01430.jpg,0
01431.jpg,0,images/01431.jpg,2
01432.jpg,0,images/01432.jpg,2
01433.jpg,0,images/01433.jpg,1
01434.jpg,1,images/01434.jpg,4
01435.jpg,1,images/01435.jpg,4
01436.jpg,0,images/01436.jpg,2
01437.jpg,0,images/01437.jpg,0
01438.jpg,1,images/01438.jpg,1
01439.jpg,0,images/01439.jpg,4
01440.jpg,0,images/01440.jpg,0
01441.jpg,0,images/01441.jpg,4
01442.jpg,1,images/01442.jpg,3
01443.jpg,0,images/01443.jpg,4
01444.jpg,0,images/01444.jpg,2
01445.jpg,1,images/01445.jpg,3
01446.jpg,1,images/01446.jpg,3
01447.jpg,0,images/01447.jpg,1
01448.jpg,1,images/01448.jpg,0
01449.jpg,1,images/01449.jpg,1
01450.jpg,1,images/01450.jpg,3
01451.jpg,1,images/01451.jpg,4
01452.jpg,0,images/01452.jpg,1
01453.jpg,1,images/01453.jpg,1
01454.jpg,0,images/01454.jpg,1
01455.jpg,0,images/01455.jpg,0
01456.jpg,1,images/01456.jpg,2
01457.jpg,0,images/01457.jpg,1
01458.jpg,0,images/01458.jpg,2
01459.jpg,0,images/01459.jpg,2
01460.jpg,1,images/01460.jpg,1
01461.jpg,0,images/01461.jpg,1
01462.jpg,1,images/01462.jpg,3
01463.jpg,1,images/01463.jpg,3
01464.jpg,1,images/01464.jpg,0
01465.jpg,0,images/01465.jpg,2
01466.jpg,1,images/01466.jpg,0
01467.jpg,0,images/01467.jpg,3
01468.jpg,0,images/01468.jpg,2
01469.jpg,0,images/01469.jpg,3
01470.jpg,0,images/01470.jpg,0
01471.jpg,1,images/01471.jpg,4
01472.jpg,1,images/01472.jpg,1
01473.jpg,0,images/01473.jpg,3
01474.jpg,0,images/01474.jpg,1
01475.jpg,1,images/01475.jpg,0
01476.jpg,1,images/01476.jpg,2
01477.jpg,0,images/01477.jpg,3
01478.jpg,0,images/01478.jpg,3
01479.jpg,1,images/01479.jpg,2
01480.jpg,1,images/01480.jpg,4
01481.jpg,0,images/01481.jpg,4
01482.jpg,0,images/01482.jpg,3
01483.jpg,0,images/01483.jpg,4
01484.jpg,1,images/01484.jpg,1
01485.jpg,1,images/01485.jpg,3
01486.jpg,0,images/01486.jpg,4
01487.jpg,1,images/01487.jpg,2
01488.jpg,0,images/01488.jpg,1
01489.jpg,0,images/01489.jpg,2
01490.jpg,1,images/01490.jpg,0
01491.jpg,0,images/01491.jpg,0
01492.jpg,0,images/01492.jpg,0
01493.jpg,0,images/01493.jpg,4
01494.jpg,0,images/01494.jpg,1
01495.jpg,0,images/01495.jpg,1
01496.jpg,0,images/01496.jpg,1
01497.jpg,0,images/01497.jpg,1
01498.jpg,0,images/01498.jpg,2
01499.jpg,1,images/01499.jpg,0
01500.jpg,0,images/01500.jpg,3
01501.jpg,1,images/01501.jpg,3
01502.jpg,1,images/01502.jpg,0
01503.jpg,0,images/01503.jpg,4
01504.jpg,1,images/01504.jpg,2
01505.jpg,0,images/01505.jpg,1
01506.jpg,0,images/01506.jpg,4
01507.jpg,1,images/01507.jpg,1
01508.jpg,0,images/01508.jpg,4
01509.jpg,1,images/01509.jpg,3
01510.jpg,1,images/01510.jpg,3
01511.jpg,0,images/01511.jpg,0
01512.jpg,1,images/01512.jpg,2
01513.jpg,1,images/01513.jpg,2
01514.jpg,1,images/01514.jpg,3
01515.jpg,1,images/01515.jpg,2
01516.jpg,1,images/01516.jpg,2
01517.jpg,0,images/01517.jpg,1
01518.jpg,0,images/01518.jpg,3
01519.jpg,0,images/01519.jpg,0
01520.jpg,1,images/01520.jpg,3
01521.jpg,0,images/01521.jpg,2
01522.jpg,1,images/01522.jpg,3
01523.jpg,1,images/01523.jpg,3
01524.jpg,1,images/01524.jpg,4
01525.jpg,0,images/01525.jpg,3
01526.jpg,1,images/01526.jpg,0
01527.jpg,0,images/01527.jpg,4
01528.jpg,1,images/01528.jpg,0
01529.jpg,0,images/01529.jpg,2
01530.jpg,0,images/01530.jpg,3
01531.jpg,1,images/01531.jpg,2
01532.jpg,1,images/01532.jpg,0
01533.jpg,0,images/01533.jpg,2
01534.jpg,1,images/01534.jpg,2
01535.jpg,1,images/01535.jpg,0
01536.jpg,1,images/01536.jpg,3
01537.jpg,1,images/01537.jpg,4
01538.jpg,1,images/01538.jpg,2
01539.jpg,1,images/01539.jpg,1
01540.jpg,1,images/01540.jpg,3
01541.jpg,0,images/01541.jpg,1
01542.jpg,0,images/01542.jpg,0
01543.jpg,0,images/01543.jpg,0
01544.jpg,1,images/01544.jpg,4
01545.jpg,0,images/01545.jpg,2
01546.jpg,1,images/01546.jpg,4
01547.jpg,0,images/01547.jpg,0
01548.jpg,1,images/01548.jpg,4
01549.jpg,0,images/01549.jpg,0
01550.jpg,1,images/01550.jpg,3
01551.jpg,1,images/01551.jpg,2
01552.jpg,0,images/01552.jpg,3
01553.jpg,0,images/01553.jpg,3
01554.jpg,0,images/01554.jpg,0
01555.jpg,1,images/01555.jpg,0
01556.jpg,0,images/01556.jpg,2
01557.jpg,0,images/01557.jpg,4
01558.jpg,0,images/01558.jpg,1
01559.jpg,1,images/01559.jpg,0
01560.jpg,1,images/01560.jpg,4
01561.jpg,1,images/01561.jpg,0
01562.jpg,0,images/01562.jpg,0
01563.jpg,0,images/01563.jpg,0
01564.jpg,1,images/01564.jpg,2
01565.jpg,1,images/01565.jpg,1
01566.jpg,0,images/01566.jpg,2
01567.jpg,1,images/01567.jpg,4
01568.jpg,1,images/01568.jpg,3
01569.jpg,1,images/01569.jpg,1
01570.jpg,0,images/01570.jpg,1
01571.jpg,1,images/01571.jpg,1
01572.jpg,1,images/01572.jpg,3
01573.jpg,1,images/01573.jpg,0
01574.jpg,0,images/01574.jpg,2
01575.jpg,1,images/01575.jpg,1
01576.jpg,0,images/01576.jpg,4
01577.jpg,0,images/01577.jpg,3
01578.jpg,0,images/01578.jpg,1
01579.jpg,1,images/01579.jpg,1
01580.jpg,1,images/01580.jpg,1
01581.jpg,0,images/01581.jpg,0
01582.jpg,0,images/01582.jpg,0
01583.jpg,0,images/01583.jpg,0
01584.jpg,0,images/01584.jpg,3
01585.jpg,0,images/01585.jpg,3
01586.jpg,1,images/01586.jpg,0
01587.jpg,1,images/01587.jpg,1
01588.jpg,0,images/01588.jpg,3
01589.jpg,1,images/01589.jpg,4
01590.jpg,1,images/01590.jpg,2
01591.jpg,0,images/01591.jpg,4
01592.jpg,0,images/01592.jpg,0
01593.jpg,0,images/01593.jpg,4
01594.jpg,1,images/01594.jpg,4
01595.jpg,1,images/01595.jpg,4
01596.jpg,0,images/01596.jpg,3
01597.jpg,0,images/01597.jpg,3
01598.jpg,1,images/01598.jpg,2
01599.jpg,0,images/01599.jpg,0
01600.jpg,0,images/01600.jpg,3
01601.jpg,1,images/01601.jpg,0
01602.jpg,0,images/01602.jpg,3
01603.jpg,0,images/01603.jpg,0
01604.jpg,1,images/01604.jpg,1
01605.jpg,0,images/01605.jpg,2
01606.jpg,1,images/01606.jpg,2
01607.jpg,0,images/01607.jpg,3
01608.jpg,0,images/01608.jpg,3
01609.jpg,0,images/01609.jpg,1
01610.jpg,0,images/01610.jpg,2
01611.jpg,1,images/01611.jpg,0
01612.jpg,0,images/01612.jpg,3
01613.jpg,1,images/01613.jpg,0
01614.jpg,1,images/01614.jpg,0
01615.jpg,1,images/01615.jpg,3
01616.jpg,0,images/01616.jpg,1
01617.jpg,0,images/01617.jpg,4
01618.jpg,1,images/01618.jpg,2
01619.jpg,0,images/01619.jpg,3
01620.jpg,1,images/01620.jpg,2
01621.jpg,0,images/01621.jpg,0
01622.jpg,0,images/01622.jpg,2
01623.jpg,0,images/01623.jpg,0
01624.jpg,0,images/01624.jpg,4
01625.jpg,1,images/01625.jpg,0
01626.jpg,0,images/01626.jpg,3
01627.jpg,0,images/01627.jpg,2
01628.jpg,0,images/01628.jpg,1
01629.jpg,0,images/01629.jpg,1
01630.jpg,1,images/01630.jpg,0
01631.jpg,0,images/01631.jpg,1
01632.jpg,1,images/01632.jpg,1
01633.jpg,0,images/01633.jpg,3
01634.jpg,1,images/01634.jpg,0
01635.jpg,0,images/01635.jpg,2
01636.jpg,1,images/01636.jpg,2
01637.jpg,0,images/01637.jpg,0
01638.jpg,1,images/01638.jpg,2
01639.jpg,1,images/01639.jpg,4
01640.jpg,0,images/01640.jpg,1
01641.jpg,1,images/01641.jpg,3
01642.jpg,0,images/01642.jpg,1
01643.jpg,1,images/01643.jpg,3
01644.jpg,1,images/01644.jpg,1
01645.jpg,1,images/01645.jpg,1
01646.jpg,0,images/01646.jpg,2
01647.jpg,0,images/01647.jpg,4
01648.jpg,0,images/01648.jpg,4
01649.jpg,0,images/01649.jpg,4
01650.jpg,1,images/01650.jpg,2
01651.jpg,0,images/01651.jpg,1
01652.jpg,0,images/01652.jpg,2
01653.jpg,1,images/01653.jpg,1
01654.jpg,0,images/01654.jpg,2
01655.jpg,1,images/01655.jpg,1
01656.jpg,1,images/01656.jpg,1
01657.jpg,1,images/01657.jpg,3
01658.jpg,1,images/01658.jpg,3
01659.jpg,0,images/01659.jpg,0
01660.jpg,0,images/01660.jpg,4
01661.jpg,0,images/01661.jpg,3
01662.jpg,1,images/01662.jpg,0
01663.jpg,0,images/01663.jpg,0
01664.jpg,0,images/01664.jpg,2
01665.jpg,1,images/01665.jpg,0
01666.jpg,1,images/01666.jpg,2
01667.jpg,0,images/01667.jpg,4
01668.jpg,0,images/01668.jpg,2
01669.jpg,1,images/01669.jpg,4
01670.jpg,0,images/01670.jpg,0
01671.jpg,1,images/01671.jpg,2
01672.jpg,1,images/01672.jpg,1
01673.jpg,1,images/01673.jpg,4
01674.jpg,1,images/01674.jpg,4
01675.jpg,1,images/01675.jpg,1
01676.jpg,1,images/01676.jpg,4
01677.jpg,0,images/01677.jpg,2
01678.jpg,1,images/01678.jpg,2
01679.jpg,0,images/01679.jpg,0
01680.jpg,0,images/01680.jpg,1
01681.jpg,1,images/01681.jpg,4
01682.jpg,1,images/01682.jpg,0
01683.jpg,0,images/01683.jpg,3
01684.jpg,1,images/01684.jpg,1
01685.jpg,0,images/01685.jpg,4
01686.jpg,1,images/01686.jpg,4
01687.jpg,1,images/01687.jpg,1
01688.jpg,1,images/01688.jpg,3
01689.jpg,0,images/01689.jpg,0
01690.jpg,0,images/01690.jpg,2
01691.jpg,0,images/01691.jpg,3
01692.jpg,0,images/01692.jpg,2
01693.jpg,1,images/01693.jpg,1
01694.jpg,0,images/01694.jpg,4
01695.jpg,0,images/01695.jpg,0
01696.jpg,0,images/01696.jpg,0
01697.jpg,1,images/01697.jpg,0
01698.jpg,1,images/01698.jpg,3
01699.jpg,1,images/01699.jpg,3
01700.jpg,0,images/01700.jpg,2
01701.jpg,1,images/01701.jpg,3
01702.jpg,1,images/01702.jpg,0
01703.jpg,1,images/01703.jpg,1
01704.jpg,0,images/01704.jpg,0
01705.jpg,0,images/01705.jpg,1
01706.jpg,0,images/01706.jpg,0
01707.jpg,1,images/01707.jpg,3
01708.jpg,0,images/01708.jpg,4
01709.jpg,0,images/01709.jpg,1
01710.jpg,0,images/01710.jpg,2
01711.jpg,0,images/01711.jpg,0
01712.jpg,1,images/01712.jpg,3
01713.jpg,1,images/01713.jpg,4
01714.jpg,1,images/01714.jpg,0
01715.jpg,0,images/01715.jpg,0
01716.jpg,0,images/01716.jpg,3
01717.jpg,0,images/01717.jpg,4
01718.jpg,1,images/01718.jpg,0
01719.jpg,0,images/01719.jpg,3
01720.jpg,1,images/01720.jpg,2
01721.jpg,1,images/01721.jpg,0
01722.jpg,0,images/01722.jpg,1
01723.jpg,1,images/01723.jpg,3
01724.jpg,0,images/01724.jpg,0
01725.jpg,0,images/01725.jpg,4
01726.jpg,1,images/01726.jpg,0
01727.jpg,0,images/01727.jpg,3
01728.jpg,0,images/01728.jpg,0
01729.jpg,0,images/01729.jpg,2
01730.jpg,1,images/01730.jpg,1
01731.jpg,0,images/01731.jpg,0
01732.jpg,1,images/01732.jpg,1
01733.jpg,1,images/01733.jpg,1
01734.jpg,0,images/01734.jpg,2
01735.jpg,0,images/01735.jpg,4
01736.jpg,0,images/01736.jpg,0
01737.jpg,0,images/01737.jpg,2
01738.jpg,0,images/01738.jpg,1
01739.jpg,0,images/01739.jpg,3
01740.jpg,0,images/01740.jpg,3
01741.jpg,0,images/01741.jpg,3
01742.jpg,1,images/01742.jpg,3
01743.jpg,0,images/01743.jpg,0
01744.jpg,0,images/01744.jpg,0
01745.jpg,0,images/01745.jpg,3
01746.jpg,0,images/01746.jpg,4
01747.jpg,1,images/01747.jpg,1
01748.jpg,1,images/01748.jpg,1
01749.jpg,0,images/01749.jpg,4
01750.jpg,1,images/01750.jpg,4
01751.jpg,0,images/01751.jpg,0
01752.jpg,0,images/01752.jpg,0
01753.jpg,0,images/01753.jpg,0
01754.jpg,1,images/01754.jpg,1
01755.jpg,0,images/01755.jpg,4
01756.jpg,0,images/01756.jpg,0
01757.jpg,1,images/01757.jpg,0
01758.jpg,1,images/01758.jpg,2
01759.jpg,1,images/01759.jpg,0
01760.jpg,0,images/01760.jpg,4
01761.jpg,0,images/01761.jpg,1
01762.jpg,1,images/01762.jpg,2
01763.jpg,0,images/01763.jpg,0
01764.jpg,0,images/01764.jpg,1
01765.jpg,1,images/01765.jpg,2
01766.jpg,0,images/01766.jpg,4
01767.jpg,0,images/01767.jpg,0
01768.jpg,0,images/01768.jpg,4
01769.jpg,1,images/01769.jpg,1
01770.jpg,0,images/01770.jpg,4
01771.jpg,1,images/01771.jpg,1
01772.jpg,1,images/01772.jpg,2
01773.jpg,1,images/01773.jpg,1
01774.jpg,0,images/01774.jpg,1
01775.jpg,0,images/01775.jpg,2
01776.jpg,0,images/01776.jpg,1
01777.jpg,0,images/01777.jpg,1
01778.jpg,1,images/01778.jpg,2
01779.jpg,1,images/01779.jpg,0
01780.jpg,1,images/01780.jpg,3
01781.jpg,0,images/01781.jpg,1
01782.jpg,1,images/01782.jpg,2
01783.jpg,0,images/01783.jpg,1
01784.jpg,1,images/01784.jpg,3
01785.jpg,0,images/01785.jpg,2
01786.jpg,1,images/01786.jpg,2
01787.jpg,0,images/01787.jpg,2
01788.jpg,0,images/01788.jpg,0
01789.jpg,0,images/01789.jpg,2
01790.jpg,0,images/01790.jpg,0
01791.jpg,1,images/01791.jpg,2
01792.jpg,0,images/01792.jpg,2
01793.jpg,1,images/01793.jpg,0
01794.jpg,1,images/01794.jpg,3
01795.jpg,0,images/01795.jpg,0
01796.jpg,0,images/01796.jpg,0
01797.jpg,0,images/01797.jpg,2
01798.jpg,1,images/01798.jpg,4
01799.jpg,1,images/01799.jpg,1
01800.jpg,1,images/01800.jpg,0
01801.jpg,1,images/01801.jpg,2
01802.jpg,0,images/01802.jpg,1
01803.jpg,1,images/01803.jpg,0
01804.jpg,0,images/01804.jpg,1
01805.jpg,0,images/01805.jpg,3
01806.jpg,0,images/01806.jpg,0
01807.jpg,0,images/01807.jpg,3
01808.jpg,0,images/01808.jpg,0
01809.jpg,1,images/01809.jpg,1
01810.jpg,1,images/01810.jpg,0
01811.jpg,1,images/01811.jpg,4
01812.jpg,1,images/01812.jpg,4
01813.jpg,0,images/01813.jpg,4
01814.jpg,1,images/01814.jpg,4
01815.jpg,1,images/01815.jpg,2
01816.jpg,0,images/01816.jpg,4
01817.jpg,1,images/01817.jpg,0
01818.jpg,1,images/01818.jpg,3
01819.jpg,1,images/01819.jpg,4
01820.jpg,0,images/01820.jpg,0
01821.jpg,0,images/01821.jpg,1
01822.jpg,0,images/01822.jpg,2
01823.jpg,1,images/01823.jpg,4
01824.jpg,1,images/01824.jpg,3
01825.jpg,1,images/01825.jpg,4
01826.jpg,0,images/01826.jpg,3
01827.jpg,1,images/01827.jpg,1
01828.jpg,0,images/01828.jpg,4
01829.jpg,0,images/01829.jpg,0
01830.jpg,1,images/01830.jpg,0
01831.jpg,1,images/01831.jpg,0
01832.jpg,1,images/01832.jpg,2
01833.jpg,0,images/01833.jpg,2
01834.jpg,1,images/01834.jpg,0
01835.jpg,0,images/01835.jpg,2
01836.jpg,1,images/01836.jpg,2
01837.jpg,0,images/01837.jpg,1
01838.jpg,0,images/01838.jpg,4
01839.jpg,1,images/01839.jpg,4
01840.jpg,0,images/01840.jpg,0
01841.jpg,0,images/01841.jpg,3
01842.jpg,0,images/01842.jpg,0
01843.jpg,0,images/01843.jpg,1
01844.jpg,0,images/01844.jpg,3
01845.jpg,1,images/01845.jpg,3
01846.jpg,0,images/01846.jpg,2
01847.jpg,0,images/01847.jpg,3
01848.jpg,0,images/01848.jpg,2
01849.jpg,1,images/01849.jpg,1
01850.jpg,1,images/01850.jpg,2
01851.jpg,0,images/01851.jpg,0
01852.jpg,0,images/01852.jpg,2
01853.jpg,1,images/01853.jpg,0
01854.jpg,0,images/01854.jpg,3
01855.jpg,0,images/01855.jpg,0
01856.jpg,1,images/01856.jpg,1
01857.jpg,0,images/01857.jpg,3
01858.jpg,0,images/01858.jpg,4
01859.jpg,0,images/01859.jpg,3
01860.jpg,1,images/01860.jpg,4
01861.jpg,1,images/01861.jpg,2
01862.jpg,0,images/01862.jpg,1
01863.jpg,1,images/01863.jpg,4
01864.jpg,1,images/01864.jpg,1
01865.jpg,1,images/01865.jpg,0
01866.jpg,1,images/01866.jpg,1
01867.jpg,0,images/01867.jpg,0
01868.jpg,1,images/01868.jpg,3
01869.jpg,1,images/01869.jpg,2
01870.jpg,0,images/01870.jpg,0
01871.jpg,1,images/01871.jpg,4
01872.jpg,1,images/01872.jpg,0
01873.jpg,1,images/01873.jpg,3
01874.jpg,1,images/01874.jpg,2
01875.jpg,0,images/01875.jpg,1
01876.jpg,0,images/01876.jpg,4
01877.jpg,0,images/01877.jpg,4
01878.jpg,1,images/01878.jpg,1
01879.jpg,0,images/01879.jpg,4
01880.jpg,0,images/01880.jpg,0
01881.jpg,1,images/01881.jpg,4
01882.jpg,0,images/01882.jpg,4
01883.jpg,0,images/01883.jpg,4
01884.jpg,0,images/01884.jpg,2
01885.jpg,0,images/01885.jpg,4
01886.jpg,0,images/01886.jpg,3
01887.jpg,1,images/01887.jpg,3
01888.jpg,1,images/01888.jpg,2
01889.jpg,0,images/01889.jpg,4
01890.jpg,0,images/01890.jpg,2
01891.jpg,0,images/01891.jpg,3
01892.jpg,1,images/01892.jpg,1
01893.jpg,1,images/01893.jpg,2
01894.jpg,1,images/01894.jpg,1
01895.jpg,0,images/01895.jpg,4
01896.jpg,1,images/01896.jpg,3
01897.jpg,0,images/01897.jpg,4
01898.jpg,0,images/01898.jpg,0
01899.jpg,0,images/01899.jpg,4
01900.jpg,1,images/01900.jpg,1
01901.jpg,0,images/01901.jpg,0
01902.jpg,1,images/01902.jpg,2
01903.jpg,1,images/01903.jpg,4
01904.jpg,1,images/01904.jpg,1
01905.jpg,1,images/01905.jpg,1
01906.jpg,1,images/01906.jpg,3
01907.jpg,0,images/01907.jpg,2
01908.jpg,0,images/01908.jpg,2
01909.jpg,0,images/01909.jpg,1
01910.jpg,1,images/01910.jpg,3
01911.jpg,0,images/01911.jpg,4
01912.jpg,0,images/01912.jpg,0
01913.jpg,1,images/01913.jpg,3
01914.jpg,0,images/01914.jpg,4
01915.jpg,1,images/01915.jpg,1
01916.jpg,1,images/01916.jpg,4
01917.jpg,0,images/01917.jpg,1
01918.jpg,1,images/01918.jpg,0
01919.jpg,1,images/01919.jpg,2
01920.jpg,0,images/01920.jpg,3
01921.jpg,1,images/01921.jpg,1
01922.jpg,1,images/01922.jpg,3
01923.jpg,0,images/01923.jpg,0
01924.jpg,1,images/01924.jpg,2
01925.jpg,0,images/01925.jpg,4
01926.jpg,0,images/01926.jpg,3
01927.jpg,0,images/01927.jpg,3
01928.jpg,0,images/01928.jpg,0
01929.jpg,1,images/01929.jpg,4
01930.jpg,0,images/01930.jpg,1
01931.jpg,0,images/01931.jpg,0
01932.jpg,1,images/01932.jpg,3
01933.jpg,0,images/01933.jpg,2
01934.jpg,0,images/01934.jpg,4
01935.jpg,0,images/01935.jpg,0
01936.jpg,1,images/01936.jpg,0
01937.jpg,0,images/01937.jpg,0
01938.jpg,1,images/01938.jpg,4
01939.jpg,1,images/01939.jpg,2
01940.jpg,0,images/01940.jpg,3
01941.jpg,1,images/01941.jpg,1
01942.jpg,0,images/01942.jpg,4
01943.jpg,1,images/01943.jpg,3
01944.jpg,0,images/01944.jpg,0
01945.jpg,0,images/01945.jpg,2
01946.jpg,1,images/01946.jpg,2
01947.jpg,0,images/01947.jpg,3
01948.jpg,0,images/01948.jpg,2
01949.jpg,0,images/01949.jpg,4
01950.jpg,0,images/01950.jpg,4
01951.jpg,0,images/01951.jpg,1
01952.jpg,1,images/01952.jpg,2
01953.jpg,1,images/01953.jpg,2
01954.jpg,1,images/01954.jpg,2
01955.jpg,1,images/01955.jpg,2
01956.jpg,1,images/01956.jpg,0
01957.jpg,1,images/01957.jpg,2
01958.jpg,1,images/01958.jpg,4
01959.jpg,0,images/01959.jpg,4
01960.jpg,1,images/01960.jpg,4
01961.jpg,1,images/01961.jpg,0
01962.jpg,0,images/01962.jpg,2
01963.jpg,0,images/01963.jpg,2
01964.jpg,0,images/01964.jpg,3
01965.jpg,0,images/01965.jpg,0
01966.jpg,1,images/01966.jpg,4
01967.jpg,0,images/01967.jpg,3
01968.jpg,0,images/01968.jpg,4
01969.jpg,1,images/01969.jpg,3
01970.jpg,1,images/01970.jpg,2
01971.jpg,1,images/01971.jpg,1
01972.jpg,0,images/01972.jpg,1
01973.jpg,0,images/01973.jpg,0
01974.jpg,0,images/01974.jpg,0
01975.jpg,1,images/01975.jpg,4
01976.jpg,1,images/01976.jpg,2
01977.jpg,1,images/01977.jpg,2
01978.jpg,1,images/01978.jpg,0
01979.jpg,1,images/01979.jpg,4
01980.jpg,1,images/01980.jpg,0
01981.jpg,1,images/01981.jpg,0
01982.jpg,1,images/01982.jpg,0
01983.jpg,1,images/01983.jpg,4
01984.jpg,1,images/01984.jpg,1
01985.jpg,1,images/01985.jpg,1
01986.jpg,0,images/01986.jpg,4
01987.jpg,1,images/01987.jpg,1
01988.jpg,1,images/01988.jpg,4
01989.jpg,1,images/01989.jpg,3
01990.jpg,1,images/01990.jpg,1
01991.jpg,0,images/01991.jpg,1
01992.jpg,1,images/01992.jpg,3
01993.jpg,1,images/01993.jpg,2
01994.jpg,1,images/01994.jpg,1
01995.jpg,0,images/01995.jpg,4
01996.jpg,0,images/01996.jpg,4
01997.jpg,1,images/01997.jpg,1
01998.jpg,1,images/01998.jpg,2
01999.jpg,0,images/01999.jpg,2
02000.jpg,0,images/02000.jpg,0
