file_name,label,fold,prob
00079.jpg,0,1,0.0022872274
00586.jpg,0,0,0.016029146
01426.jpg,0,2,0.009936418
01562.jpg,0,0,0.098079324
00295.jpg,0,1,0.025178842
01965.jpg,0,0,0.0054692747
00948.jpg,0,0,0.26020142
00758.jpg,0,2,0.032100707
01376.jpg,0,4,0.0030753699
01431.jpg,0,2,0.025178842
01624.jpg,0,4,0.13206615
00198.jpg,0,4,0.322526
00929.jpg,0,0,0.019719126
01227.jpg,0,4,0.031618766
01021.jpg,0,0,0.031858858
01248.jpg,0,2,0.0023967307
00040.jpg,0,2,0.0094125895
01053.jpg,0,2,0.038178276
00886.jpg,0,4,0.0057302467
01181.jpg,0,3,0.071073666
00763.jpg,0,4,0.014728613
01279.jpg,0,0,0.14511536
01746.jpg,0,4,0.022286188
01940.jpg,0,3,0.05877656
01121.jpg,0,4,0.111627996
01816.jpg,0,4,0.04304285
01547.jpg,0,0,0.0027149853
01948.jpg,0,2,0.022802636
00889.jpg,0,1,0.18184365
00807.jpg,0,1,0.0064882697
00361.jpg,0,0,0.003510649
00119.jpg,0,4,0.010652511
01743.jpg,0,0,0.010248601
00220.jpg,0,4,0.010013571
01680.jpg,0,1,0.0960255
00256.jpg,0,3,0.016152835
00770.jpg,0,2,0.024609929
00315.jpg,0,4,0.0014779429
00197.jpg,0,4,0.033589505
00329.jpg,0,4,0.0025509123
01050.jpg,0,1,0.0064882697
01710.jpg,0,2,0.049958523
01016.jpg,0,0,0.0071214284
00264.jpg,0,1,0.17667161
01582.jpg,0,0,0.110855594
00793.jpg,0,3,0.03622006
01224.jpg,0,3,0.0012843083
01038.jpg,0,3,0.015906392
00557.jpg,0,3,0.0072327633
01178.jpg,0,2,0.04023794
00373.jpg,0,3,0.006692851
00772.jpg,0,3,0.008577485
00131.jpg,0,2,0.0076956474
00101.jpg,0,3,0.1127954
01187.jpg,0,3,0.0008830459
00126.jpg,0,3,0.020488555
00383.jpg,0,2,0.007815889
01930.jpg,0,1,0.00189692
01945.jpg,0,2,0.003324437
01719.jpg,0,3,0.00046552691
00340.jpg,0,1,0.010652511
00607.jpg,0,0,0.001032231
00564.jpg,0,1,0.020645931
01821.jpg,0,1,0.002981033
00158.jpg,0,1,0.03308598
01070.jpg,0,2,0.032100707
01277.jpg,0,2,0.28101084
00212.jpg,0,1,0.075858176
01753.jpg,0,0,0.0012065897
01667.jpg,0,4,0.0627892
01197.jpg,0,4,0.2220247
01340.jpg,0,2,0.033589505
01911.jpg,0,4,0.7762839
01331.jpg,0,1,0.010489091
01392.jpg,0,1,0.01518905
01942.jpg,0,4,0.03461884
00193.jpg,0,3,0.064653486
01731.jpg,0,0,0.0075772405
01276.jpg,0,0,0.0011335689
00937.jpg,0,2,0.0028449094
01612.jpg,0,3,0.18594721
01326.jpg,0,1,0.0032730645
01841.jpg,0,3,0.09401019
01482.jpg,0,3,0.0060975617
00679.jpg,0,2,0.00092538487
00677.jpg,0,1,0.059646945
01084.jpg,0,0,0.005641909
01361.jpg,0,1,0.03308598
01436.jpg,0,2,0.07864238
00899.jpg,0,3,0.2213507
00342.jpg,0,2,0.005641909
00259.jpg,0,0,0.002889581
01738.jpg,0,1,0.01150815
00165.jpg,0,1,0.11240508
01600.jpg,0,3,0.031858858
00655.jpg,0,1,0.048496004
00103.jpg,0,3,0.0069038384
01795.jpg,0,0,0.012053779
01212.jpg,0,4,0.03044435
00550.jpg,0,2,0.0022170132
00754.jpg,0,1,0.003538086
01492.jpg,0,0,0.10557885
00381.jpg,0,3,0.5222022
01377.jpg,0,1,0.71102977
01238.jpg,0,1,0.013636835
00145.jpg,0,4,0.0029349516
01131.jpg,0,0,0.008847355
01358.jpg,0,2,0.02350945
00233.jpg,0,2,0.004198795
00609.jpg,0,3,0.47329208
01014.jpg,0,0,0.0032730645
01842.jpg,0,0,0.0053018946
01596.jpg,0,3,0.005384938
01493.jpg,0,4,0.004905406
00741.jpg,0,1,0.010013571
01465.jpg,0,2,0.012053779
01972.jpg,0,1,0.01150815
00085.jpg,0,4,0.010169658
00969.jpg,0,0,0.0055982484
00850.jpg,0,4,0.010652511
01233.jpg,0,3,0.5218367
01585.jpg,0,3,0.019719126
00172.jpg,0,2,0.004198795
00734.jpg,0,1,0.018264279
00261.jpg,0,2,0.0226292
01321.jpg,0,1,0.02297737
00177.jpg,0,2,0.09170697
01789.jpg,0,2,0.03410043
01362.jpg,0,4,0.009708477
01498.jpg,0,2,0.023689471
00316.jpg,0,2,0.0013458605
01176.jpg,0,4,0.012241276
01654.jpg,0,2,0.06512755
00630.jpg,0,3,0.007815889
00224.jpg,0,0,0.0076956474
01414.jpg,0,1,0.020964239
01097.jpg,0,2,0.051845472
00870.jpg,0,4,0.20055768
00908.jpg,0,0,0.013020489
01203.jpg,0,0,0.049958523
00078.jpg,0,4,0.0032730645
00301.jpg,0,4,0.0028449094
00006.jpg,0,4,0.04535258
00217.jpg,0,3,0.0044683847
01851.jpg,0,0,0.02865267
01621.jpg,0,0,0.0029349516
01696.jpg,0,0,0.07751766
00255.jpg,0,2,0.0014103585
01909.jpg,0,1,0.91181
01505.jpg,0,1,0.0006986757
00035.jpg,0,1,0.0033766124
01583.jpg,0,0,0.0028449094
01683.jpg,0,3,0.0029349516
01813.jpg,0,4,0.104477316
01599.jpg,0,0,0.005384938
00692.jpg,0,4,0.0005527786
00243.jpg,0,2,0.016785491
01469.jpg,0,3,0.00062633416
01091.jpg,0,0,0.10484337
01986.jpg,0,4,0.0054692747
00531.jpg,0,2,0.098079324
01545.jpg,0,2,0.0017007226
01440.jpg,0,0,0.16899405
00935.jpg,0,3,0.0016484831
01728.jpg,0,0,0.0011335689
00697.jpg,0,2,0.050705362
01756.jpg,0,0,0.009125638
00790.jpg,0,1,0.013222823
00179.jpg,0,4,0.02017732
01459.jpg,0,2,0.035410725
00069.jpg,0,4,0.77848095
00191.jpg,0,1,0.044018652
01470.jpg,0,0,0.0023967307
00423.jpg,0,1,0.74761593
01736.jpg,0,0,0.05033063
01897.jpg,0,4,0.049958523
00829.jpg,0,4,0.013848611
00398.jpg,0,4,0.037326884
01403.jpg,0,4,0.0094125895
01179.jpg,0,4,0.004331502
00827.jpg,0,0,0.07030384
00534.jpg,0,2,0.0033766124
01218.jpg,0,4,0.010652511
01201.jpg,0,4,0.011331755
00838.jpg,0,0,0.010986944
01640.jpg,0,1,0.02479816
00671.jpg,0,0,0.010652511
00815.jpg,0,3,0.064653486
00711.jpg,0,1,0.016152835
00107.jpg,0,1,0.021450732
01898.jpg,0,0,0.30074558
01101.jpg,0,0,0.41442478
00365.jpg,0,2,0.003172683
01605.jpg,0,2,0.02931223
01695.jpg,0,0,0.036769465
00385.jpg,0,4,0.34820172
01447.jpg,0,1,0.013428255
01511.jpg,0,0,0.007937994
00105.jpg,0,1,0.038466193
01372.jpg,0,2,0.01518905
00479.jpg,0,0,0.035678554
00615.jpg,0,2,0.014281934
00455.jpg,0,1,0.013020489
00708.jpg,0,3,0.59525734
01805.jpg,0,3,0.004331502
01591.jpg,0,4,0.03044435
00444.jpg,0,3,0.029090757
00786.jpg,0,4,0.018264279
01685.jpg,0,4,0.01461567
00797.jpg,0,0,0.017576883
00461.jpg,0,3,0.0002611903
00125.jpg,0,4,0.0027149853
00939.jpg,0,0,0.0006986757
01027.jpg,0,1,0.092032865
01925.jpg,0,4,0.6400736
01962.jpg,0,2,0.00036829791
00056.jpg,0,0,0.0037654138
00049.jpg,0,0,0.0072327633
01118.jpg,0,2,0.012431651
01764.jpg,0,1,0.68594944
01256.jpg,0,2,0.0019267347
01735.jpg,0,4,0.0094125895
01047.jpg,0,2,0.82161736
01032.jpg,0,3,0.0009547317
01781.jpg,0,1,0.0038844766
01036.jpg,0,2,0.0072327633
00229.jpg,0,4,0.027376488
01186.jpg,0,4,0.0018102109
01797.jpg,0,2,0.04304285
00540.jpg,0,0,0.0039454065
00450.jpg,0,0,0.047780067
00267.jpg,0,3,0.0073458264
00920.jpg,0,3,0.0019267347
01566.jpg,0,2,0.0018386653
00801.jpg,0,4,0.00028685408
00317.jpg,0,1,0.04813677
00511.jpg,0,1,0.010328153
00013.jpg,0,1,0.027376488
00223.jpg,0,4,0.06325052
01433.jpg,0,1,0.015906392
01770.jpg,0,4,0.1384618
01995.jpg,0,4,0.0015978456
01160.jpg,0,3,0.022457056
01275.jpg,0,4,0.0071214284
00851.jpg,0,2,0.039638843
00412.jpg,0,3,0.004070138
01949.jpg,0,4,0.0029349516
00871.jpg,0,2,0.016914913
01857.jpg,0,3,0.014281934
00031.jpg,0,0,0.0015731121
01944.jpg,0,0,0.0013458605
00771.jpg,0,3,0.0046095727
00239.jpg,0,3,0.06705628
00673.jpg,0,1,0.010818448
00641.jpg,0,0,0.11201596
00535.jpg,0,1,0.029760094
01103.jpg,0,4,0.2062538
00275.jpg,0,1,0.0017007226
01108.jpg,0,2,0.0076956474
01937.jpg,0,0,0.061875984
00311.jpg,0,4,0.0024726233
01419.jpg,0,0,0.008061992
00497.jpg,0,1,0.047425874
00409.jpg,0,4,0.01717671
00485.jpg,0,2,0.3826027
00090.jpg,0,4,0.04177388
00186.jpg,0,1,0.03090896
01901.jpg,0,0,0.03234433
00981.jpg,0,0,0.026759284
01761.jpg,0,1,0.01717671
00560.jpg,0,4,0.013222823
01715.jpg,0,0,0.0153063545
01327.jpg,0,4,0.042403832
01627.jpg,0,2,0.0003459916
00151.jpg,0,0,0.0075187185
00987.jpg,0,1,0.011331755
01441.jpg,0,4,0.45640975
00696.jpg,0,3,0.06560483
00292.jpg,0,1,0.15662017
00656.jpg,0,2,0.012431651
00458.jpg,0,2,0.0038244838
00021.jpg,0,2,0.008315779
01495.jpg,0,1,0.008445628
00425.jpg,0,3,0.90665317
00973.jpg,0,3,0.0027576222
01312.jpg,0,4,0.02931223
00308.jpg,0,3,0.003172683
01999.jpg,0,2,0.0060035954
01167.jpg,0,2,0.004070138
01369.jpg,0,2,0.059210252
00910.jpg,0,2,0.041462272
00613.jpg,0,2,0.0073458264
01481.jpg,0,4,0.0038844766
00985.jpg,0,4,0.03410043
01959.jpg,0,4,0.05300977
00631.jpg,0,1,0.002434382
01541.jpg,0,1,0.008847355
01530.jpg,0,3,0.010328153
01124.jpg,0,0,0.023689471
00998.jpg,0,3,0.024237636
01125.jpg,0,1,0.0035936027
01250.jpg,0,4,0.03234433
00877.jpg,0,4,0.04535258
01483.jpg,0,4,0.04535258
01884.jpg,0,2,0.057493277
01061.jpg,0,1,0.047780067
01670.jpg,0,0,0.0013458605
01951.jpg,0,1,0.17667161
01895.jpg,0,4,0.01566365
00438.jpg,0,1,0.054198727
01258.jpg,0,0,0.003976228
01923.jpg,0,0,0.002631674
01310.jpg,0,4,0.026355354
01488.jpg,0,1,0.0021827165
01679.jpg,0,0,0.10743748
01870.jpg,0,0,0.010169658
01242.jpg,0,1,0.0020829707
01527.jpg,0,4,0.0019877744
00051.jpg,0,4,0.006692851
01324.jpg,0,0,0.0226292
00222.jpg,0,1,0.023870835
01637.jpg,0,0,0.2635994
01307.jpg,0,2,0.02931223
01689.jpg,0,0,0.020645931
00181.jpg,0,3,0.45495644
01577.jpg,0,3,0.018689308
01337.jpg,0,3,0.010489091
00474.jpg,0,4,0.096705794
01796.jpg,0,0,0.74502754
00405.jpg,0,4,0.01566365
01251.jpg,0,3,0.30735803
01626.jpg,0,3,0.01798621
01496.jpg,0,1,0.14953138
01659.jpg,0,0,0.6215409
01058.jpg,0,0,0.12678517
00124.jpg,0,1,0.27747297
00525.jpg,0,3,0.04922212
00348.jpg,0,3,0.020645931
00996.jpg,0,3,0.051462766
00947.jpg,0,2,0.052230854
00859.jpg,0,2,0.0069038384
01891.jpg,0,3,0.056652427
00132.jpg,0,3,0.01883313
00701.jpg,0,2,0.024053553
01788.jpg,0,0,0.010489091
00907.jpg,0,3,0.041152887
01422.jpg,0,2,0.01883313
00547.jpg,0,0,0.044680875
01022.jpg,0,2,0.008445628
00286.jpg,0,4,0.014842418
00235.jpg,0,1,0.3263788
01648.jpg,0,4,0.00085590064
00659.jpg,0,2,0.011869121
01877.jpg,0,4,0.0033766124
00682.jpg,0,3,0.002889581
00748.jpg,0,0,0.060307633
00207.jpg,0,1,0.0013250224
01807.jpg,0,3,0.4115838
00794.jpg,0,3,0.48316064
01991.jpg,0,1,0.0060035954
00917.jpg,0,4,0.012431651
00669.jpg,0,2,0.006692851
00635.jpg,0,0,0.021450732
01631.jpg,0,1,0.01798621
00432.jpg,0,1,0.0023967307
01826.jpg,0,3,0.0013250224
01855.jpg,0,0,0.0063883206
00949.jpg,0,1,0.026759284
00374.jpg,0,2,0.035678554
00767.jpg,0,2,0.50146484
00618.jpg,0,4,0.104477316
00890.jpg,0,2,0.051845472
00492.jpg,0,1,0.007815889
01216.jpg,0,1,0.025957357
00602.jpg,0,3,0.0072327633
01080.jpg,0,4,0.025565213
01306.jpg,0,0,0.052230854
00100.jpg,0,1,0.0960255
00372.jpg,0,2,0.042087726
00621.jpg,0,0,0.06348236
00268.jpg,0,2,0.0020507434
01616.jpg,0,1,0.03044435
00320.jpg,0,0,0.015906392
01691.jpg,0,3,0.016403032
00287.jpg,0,1,0.010328153
00366.jpg,0,0,0.0061929906
01409.jpg,0,2,0.008985428
01315.jpg,0,3,0.0019877744
01206.jpg,0,4,0.002889581
01040.jpg,0,4,0.036493767
01468.jpg,0,2,0.011869121
01458.jpg,0,2,0.005060332
00389.jpg,0,0,0.028436035
01745.jpg,0,3,0.01566365
01024.jpg,0,3,0.0017821962
00796.jpg,0,3,0.0047552
01088.jpg,0,4,0.0075772405
00382.jpg,0,4,0.06512755
00522.jpg,0,2,0.0071214284
00218.jpg,0,3,0.46563047
01529.jpg,0,2,0.014728613
01056.jpg,0,3,0.032100707
00743.jpg,0,3,0.14903529
00274.jpg,0,4,0.019124037
01933.jpg,0,2,0.52829003
00893.jpg,0,1,0.020964239
00632.jpg,0,0,0.017442483
01787.jpg,0,2,0.02479816
01552.jpg,0,3,0.032589745
01602.jpg,0,3,0.0033766124
00196.jpg,0,1,0.124213
01792.jpg,0,2,0.019719126
01169.jpg,0,4,0.0060975617
01420.jpg,0,3,0.0023967307
01806.jpg,0,0,0.024237636
00806.jpg,0,1,0.025957357
00106.jpg,0,0,0.046378206
01749.jpg,0,4,0.0053018946
01741.jpg,0,3,0.0029349516
00900.jpg,0,0,0.002631674
01294.jpg,0,1,0.37159258
00941.jpg,0,2,0.012241276
01151.jpg,0,1,0.102304704
00965.jpg,0,3,0.002800927
01112.jpg,0,0,0.0011335689
01328.jpg,0,3,0.015906392
00219.jpg,0,4,0.0076956474
00019.jpg,0,0,0.023870835
01384.jpg,0,1,0.057493277
01828.jpg,0,4,0.38722682
00997.jpg,0,0,0.0042646346
01725.jpg,0,4,0.0012065897
00157.jpg,0,2,0.0005527786
00589.jpg,0,4,0.03308598
00221.jpg,0,0,0.064653486
01366.jpg,0,0,0.00081673806
01708.jpg,0,4,0.96124375
00422.jpg,0,3,0.0027576222
00918.jpg,0,1,0.17781086
01432.jpg,0,2,0.00053578056
00180.jpg,0,0,0.05623634
01395.jpg,0,1,0.06560483
01383.jpg,0,2,0.021450732
01114.jpg,0,4,0.009125638
00874.jpg,0,0,0.00577493
00982.jpg,0,1,0.36613634
00302.jpg,0,4,0.033844035
01603.jpg,0,0,0.0063883206
00735.jpg,0,0,0.15597628
00015.jpg,0,0,0.004198795
00169.jpg,0,4,0.0070117954
00543.jpg,0,3,0.21403356
00678.jpg,0,4,0.0023967307
00088.jpg,0,0,0.031618766
00182.jpg,0,2,0.02297737
01140.jpg,0,2,0.0046095727
01649.jpg,0,4,0.057281975
00380.jpg,0,1,0.09947021
00047.jpg,0,4,0.01150815
01288.jpg,0,0,0.019719126
00730.jpg,0,3,0.0040072887
00420.jpg,0,2,0.64712954
00666.jpg,0,4,0.0035936027
00252.jpg,0,3,0.0027576222
00849.jpg,0,2,0.025178842
00952.jpg,0,2,0.9324533
00121.jpg,0,2,0.02931223
00024.jpg,0,3,0.010489091
01300.jpg,0,3,0.038466193
01429.jpg,0,4,0.06233104
00171.jpg,0,4,0.025760561
00449.jpg,0,2,0.016914913
00214.jpg,0,3,0.021948256
01755.jpg,0,4,0.001016244
01690.jpg,0,2,0.011777843
00434.jpg,0,0,0.017848738
00501.jpg,0,4,0.0023231625
01974.jpg,0,0,0.016914913
00814.jpg,0,3,0.005554925
00081.jpg,0,2,0.20402452
00228.jpg,0,3,0.18713269
00204.jpg,0,3,0.08694165
00623.jpg,0,4,0.001032231
00055.jpg,0,3,0.1066906
00148.jpg,0,1,0.037892424
01262.jpg,0,1,0.020645931
01028.jpg,0,2,0.0022872274
01711.jpg,0,0,0.0061929906
01346.jpg,0,2,0.0075772405
01387.jpg,0,1,0.005139611
00460.jpg,0,0,0.0046095727
01840.jpg,0,0,0.01150815
00570.jpg,0,2,0.0019877744
01847.jpg,0,3,0.0145035805
01246.jpg,0,1,0.3900111
01553.jpg,0,3,0.002631674
00345.jpg,0,3,0.025957357
01281.jpg,0,0,0.01518905
01609.jpg,0,1,0.001264422
00658.jpg,0,4,0.00023782205
01007.jpg,1,1,0.9993538
01175.jpg,1,1,0.7356416
00841.jpg,1,0,0.89805347
01286.jpg,1,0,0.9998313
01446.jpg,1,3,0.983597
00833.jpg,1,3,0.47536176
01360.jpg,1,0,0.9572778
00674.jpg,1,3,0.99854493
00942.jpg,1,4,0.97903574
00764.jpg,1,1,0.99804294
01210.jpg,1,1,0.86431044
00418.jpg,1,4,0.9962346
01655.jpg,1,1,0.99657035
00895.jpg,1,2,0.71701187
01304.jpg,1,4,0.68920106
00994.jpg,1,3,0.9964064
01850.jpg,1,2,0.9979493
01071.jpg,1,0,0.993807
01765.jpg,1,2,0.990732
00902.jpg,1,2,0.85776806
00067.jpg,1,1,0.9980122
01185.jpg,1,3,0.4510847
01615.jpg,1,3,0.27202457
00231.jpg,1,3,0.99029154
00155.jpg,1,1,0.99837697
00909.jpg,1,2,0.89552265
00159.jpg,1,4,0.9912209
00946.jpg,1,4,0.95565146
00215.jpg,1,3,0.51464427
01537.jpg,1,4,0.9916842
00041.jpg,1,4,0.9838472
01289.jpg,1,1,0.99687636
00515.jpg,1,4,0.7345006
01416.jpg,1,0,0.43062615
01343.jpg,1,4,0.97090924
01030.jpg,1,1,0.89256257
01074.jpg,1,1,0.9585377
00808.jpg,1,4,0.96295285
01673.jpg,1,4,0.9142907
01017.jpg,1,3,0.9697854
00023.jpg,1,0,0.998884
00496.jpg,1,3,0.32680833
00642.jpg,1,4,0.9957353
00750.jpg,1,4,0.99351174
00210.jpg,1,0,0.9759464
00802.jpg,1,4,0.9964619
01874.jpg,1,2,0.64500815
00265.jpg,1,2,0.99128854
01460.jpg,1,1,0.98201376
01072.jpg,1,4,0.37433314
01228.jpg,1,2,0.8543993
01516.jpg,1,2,0.99937373
01466.jpg,1,0,0.990732
00234.jpg,1,1,0.9736447
01982.jpg,1,0,0.9923638
01860.jpg,1,4,0.99760324
01393.jpg,1,1,0.993807
01658.jpg,1,3,0.993807
00415.jpg,1,3,0.96538115
01512.jpg,1,2,0.9458012
00211.jpg,1,3,0.98421544
01143.jpg,1,4,0.99732697
01138.jpg,1,1,0.6171666
00882.jpg,1,0,0.9926542
01044.jpg,1,4,0.99793327
00046.jpg,1,3,0.9961755
00732.jpg,1,2,0.9981614
01479.jpg,1,2,0.98282325
00657.jpg,1,1,0.70578504
01686.jpg,1,4,0.9309621
00580.jpg,1,2,0.99128854
01365.jpg,1,3,0.9059898
00872.jpg,1,1,0.99879336
01113.jpg,1,0,0.88602656
00048.jpg,1,4,0.9928786
00898.jpg,1,4,0.9975656
01546.jpg,1,4,0.73469096
00059.jpg,1,0,0.8433798
01255.jpg,1,4,0.99553156
00022.jpg,1,0,0.9966756
01534.jpg,1,2,0.87578696
01571.jpg,1,1,0.9207897
00875.jpg,1,1,0.9997546
00555.jpg,1,4,0.99101454
00518.jpg,1,4,0.9964619
01104.jpg,1,2,0.98549646
00612.jpg,1,1,0.98242307
00053.jpg,1,1,0.97737074
01540.jpg,1,3,0.99869555
00923.jpg,1,0,0.95531917
00629.jpg,1,3,0.99128854
01480.jpg,1,4,0.7424217
01759.jpg,1,0,0.99832565
01320.jpg,1,2,0.99890125
01507.jpg,1,1,0.7779754
00620.jpg,1,0,0.9952077
00556.jpg,1,4,0.96405166
01978.jpg,1,0,0.99896777
00167.jpg,1,1,0.9980122
00724.jpg,1,0,0.9956006
00091.jpg,1,3,0.992062
01794.jpg,1,3,0.997917
01111.jpg,1,0,0.92709976
00254.jpg,1,1,0.9825575
00853.jpg,1,4,0.9949397
01548.jpg,1,4,0.08479541
00738.jpg,1,0,0.76180446
01168.jpg,1,4,0.99910307
00919.jpg,1,3,0.95791227
00579.jpg,1,2,0.5025634
00225.jpg,1,0,0.99448806
01958.jpg,1,4,0.9983516
01434.jpg,1,4,0.97838473
01031.jpg,1,0,0.4106381
01750.jpg,1,4,0.9875683
01866.jpg,1,1,0.967163
00911.jpg,1,3,0.9843364
01863.jpg,1,4,0.9591543
00887.jpg,1,3,0.99193794
01732.jpg,1,1,0.9992679
00356.jpg,1,1,0.0076956474
01798.jpg,1,4,0.024053553
01375.jpg,1,2,0.13660839
01450.jpg,1,3,0.9992084
00546.jpg,1,4,0.97887486
00530.jpg,1,4,0.9615338
01013.jpg,1,3,0.99854493
01282.jpg,1,4,0.9995272
00834.jpg,1,1,0.9881309
00209.jpg,1,4,0.99528164
00645.jpg,1,0,0.9263037
01561.jpg,1,0,0.971779
00592.jpg,1,1,0.9572778
01966.jpg,1,4,0.9966756
01267.jpg,1,0,0.9879462
01042.jpg,1,4,0.90397453
01778.jpg,1,2,0.97997653
00897.jpg,1,3,0.9324533
01894.jpg,1,1,0.7098244
01569.jpg,1,1,0.76699245
00528.jpg,1,3,0.6331834
01354.jpg,1,0,0.580352
00792.jpg,1,3,0.7806625
00825.jpg,1,4,0.9992446
00073.jpg,1,1,0.9840936
00043.jpg,1,4,0.9507779
01293.jpg,1,2,0.5917232
00030.jpg,1,3,0.979354
00347.jpg,1,4,0.9871788
00596.jpg,1,3,0.9928786
00390.jpg,1,4,0.96538115
00717.jpg,1,0,0.9967269
01278.jpg,1,0,0.019124037
01333.jpg,1,0,0.998103
01721.jpg,1,0,0.9952448
00318.jpg,1,1,0.99253935
01586.jpg,1,0,0.929951
01987.jpg,1,1,0.8433798
01960.jpg,1,4,0.87191176
01564.jpg,1,2,0.9838472
00847.jpg,1,2,0.97719735
01946.jpg,1,2,0.9736447
00016.jpg,1,0,0.47852883
00554.jpg,1,0,0.9959927
01297.jpg,1,4,0.9700135
00512.jpg,1,2,0.08509904
01839.jpg,1,4,0.9724148
01502.jpg,1,0,0.9871788
00622.jpg,1,4,0.9585377
01526.jpg,1,0,0.54673815
01573.jpg,1,0,0.9539661
01157.jpg,1,4,0.9885804
01514.jpg,1,3,0.9871788
00353.jpg,1,4,0.938576
01873.jpg,1,3,0.53795177
01410.jpg,1,4,0.99945575
01620.jpg,1,2,0.9961755
00246.jpg,1,1,0.997783
00927.jpg,1,2,0.46174484
00689.jpg,1,0,0.998103
00524.jpg,1,0,0.99390244
00303.jpg,1,2,0.9961755
00471.jpg,1,1,0.9988305
01423.jpg,1,1,0.9791955
00188.jpg,1,4,0.95362175
01992.jpg,1,3,0.6984323
00539.jpg,1,3,0.99899954
01836.jpg,1,2,0.9974885
01499.jpg,1,0,0.9957353
00904.jpg,1,0,0.98215127
01575.jpg,1,1,0.80685264
00095.jpg,1,4,0.9974491
01910.jpg,1,3,0.9942697
00190.jpg,1,2,0.93195957
00782.jpg,1,1,0.9219218
00614.jpg,1,3,0.9932025
01115.jpg,1,1,0.9984022
01223.jpg,1,4,0.12085323
00278.jpg,1,1,0.9953904
01079.jpg,1,1,0.6279512
00737.jpg,1,0,0.72193927
00142.jpg,1,1,0.99886644
00761.jpg,1,2,0.8692713
01515.jpg,1,2,0.9845754
01815.jpg,1,2,0.70578504
01532.jpg,1,0,0.9001793
00166.jpg,1,3,0.9224824
00986.jpg,1,2,0.9941801
01902.jpg,1,2,0.2247353
00138.jpg,1,3,0.9791955
01390.jpg,1,4,0.89805347
01589.jpg,1,4,0.9686196
00262.jpg,1,3,0.9546474
00995.jpg,1,4,0.7498207
00852.jpg,1,2,0.98242307
00584.jpg,1,4,0.99155444
00713.jpg,1,4,0.99732697
01952.jpg,1,2,0.97754294
01786.jpg,1,2,0.99509466
00809.jpg,1,1,0.9890131
01714.jpg,1,0,0.117572136
01921.jpg,1,1,0.997783
01818.jpg,1,3,0.9804314
01209.jpg,1,4,0.95362175
01758.jpg,1,2,0.9911527
00714.jpg,1,0,0.9979493
00646.jpg,1,1,0.9964619
01189.jpg,1,3,0.9884919
01984.jpg,1,1,0.9843364
01280.jpg,1,3,0.96485513
01524.jpg,1,4,0.530723
00376.jpg,1,2,0.98228765
00691.jpg,1,2,0.9832145
01678.jpg,1,2,0.9019207
01120.jpg,1,3,0.993807
01572.jpg,1,3,0.99657035
00027.jpg,1,0,0.99978346
01990.jpg,1,1,0.99824536
00685.jpg,1,1,0.13986564
00608.jpg,1,1,0.31362996
01464.jpg,1,0,0.9825575
00330.jpg,1,2,0.9898303
01831.jpg,1,0,0.9353465
00408.jpg,1,4,0.96691406
01698.jpg,1,3,0.9995827
01129.jpg,1,0,0.34643072
01861.jpg,1,2,0.722527
01065.jpg,1,0,0.97719735
01849.jpg,1,1,0.95791227
01747.jpg,1,1,0.038466193
00469.jpg,1,2,0.9965166
00489.jpg,1,4,0.9979493
00654.jpg,1,4,0.99967504
00472.jpg,1,4,0.9975466
00999.jpg,1,1,0.89256257
01878.jpg,1,1,0.99193794
01567.jpg,1,4,0.98571813
00653.jpg,1,2,0.98571813
01892.jpg,1,1,0.9407897
00988.jpg,1,4,0.93318766
00672.jpg,1,4,0.979354
01853.jpg,1,0,0.9053223
00773.jpg,1,4,0.91730267
00084.jpg,1,1,0.99029154
00063.jpg,1,0,0.9591543
00594.jpg,1,3,0.99824536
01814.jpg,1,4,0.99566853
00433.jpg,1,2,0.9059898
01430.jpg,1,0,0.994615
01941.jpg,1,1,0.99955577
00800.jpg,1,1,0.53285056
01943.jpg,1,3,0.99629277
00080.jpg,1,4,0.9923044
01171.jpg,1,4,0.9991704
00649.jpg,1,3,0.95695716
00120.jpg,1,3,0.987375
00066.jpg,1,0,0.9832145
00972.jpg,1,0,0.9791955
00818.jpg,1,1,0.90665317
01239.jpg,1,3,0.9918121
00488.jpg,1,1,0.997783
00270.jpg,1,2,0.5660185
01969.jpg,1,3,0.5117166
01712.jpg,1,3,0.993807
01418.jpg,1,1,0.6714706
01757.jpg,1,0,0.98201376
00168.jpg,1,2,0.2712517
01077.jpg,1,0,0.99605453
00510.jpg,1,0,0.99566853
00245.jpg,1,0,0.9957684
00565.jpg,1,2,0.98481095
00058.jpg,1,2,0.938124
00928.jpg,1,2,0.41347715
01989.jpg,1,3,0.023330769
00466.jpg,1,2,0.9930962
00670.jpg,1,4,0.98282325
00993.jpg,1,4,0.997851
00864.jpg,1,4,0.99174845
01134.jpg,1,4,0.99719906
00723.jpg,1,3,0.99629277
00768.jpg,1,1,0.94776917
01565.jpg,1,1,0.9273633
00892.jpg,1,2,0.9314625
00639.jpg,1,4,0.99845123
00494.jpg,1,4,0.99253935
00722.jpg,1,1,0.9763105
00857.jpg,1,4,0.9976769
00961.jpg,1,3,0.91181
01165.jpg,1,4,0.9863631
01676.jpg,1,4,0.10932483
00097.jpg,1,1,0.96641046
00426.jpg,1,0,0.9982993
01924.jpg,1,2,0.9777139
01793.jpg,1,0,0.9615338
01669.jpg,1,4,0.9975274
00404.jpg,1,3,0.9994642
00881.jpg,1,4,0.94796216
00934.jpg,1,0,0.9572778
00336.jpg,1,2,0.997981
01049.jpg,1,4,0.9084556
01560.jpg,1,4,0.9967269
00719.jpg,1,3,0.95695716
00337.jpg,1,1,0.99939287
00054.jpg,1,0,0.98959166
00931.jpg,1,0,0.8308688
00495.jpg,1,1,0.983343
01484.jpg,1,1,0.9805807
01136.jpg,1,3,0.9863631
01639.jpg,1,4,0.14560063
01824.jpg,1,3,0.21403356
01538.jpg,1,2,0.99837697
00350.jpg,1,0,0.99021614
01555.jpg,1,0,0.79036856
01396.jpg,1,2,0.883236
00362.jpg,1,0,0.9908744
00959.jpg,1,4,0.983343
01119.jpg,1,2,0.98866826
00111.jpg,1,2,0.99444515
00241.jpg,1,4,0.99955577
00932.jpg,1,4,0.979354
00094.jpg,1,2,0.35465658
01929.jpg,1,4,0.98667485
01551.jpg,1,2,0.994615
01391.jpg,1,1,0.99253935
01146.jpg,1,3,0.8283842
01265.jpg,1,1,0.9511422
01674.jpg,1,4,0.994089
00285.jpg,1,2,0.9984988
01915.jpg,1,1,0.9585377
00465.jpg,1,4,0.6353356
00523.jpg,1,4,0.99304235
00785.jpg,1,1,0.9976404
01128.jpg,1,0,0.9763105
00739.jpg,1,2,0.95150405
01087.jpg,1,1,0.9971551
00788.jpg,1,2,0.9053223
00208.jpg,1,2,0.97821885
01845.jpg,1,3,0.93721074
00585.jpg,1,2,0.9921841
00736.jpg,1,4,0.98934746
01681.jpg,1,4,0.14080818
01980.jpg,1,0,0.6638869
01864.jpg,1,1,0.9825575
01994.jpg,1,1,0.98667485
00906.jpg,1,0,0.9928786
01953.jpg,1,2,0.99827254
00029.jpg,1,0,0.994089
00327.jpg,1,4,0.96691406
00057.jpg,1,4,0.9997086
01130.jpg,1,3,0.84286314
00894.jpg,1,2,0.99629277
00004.jpg,1,1,0.98282325
01682.jpg,1,0,0.98481095
01634.jpg,1,0,0.9923638
00226.jpg,1,3,0.18594721
00334.jpg,1,4,0.7981868
01057.jpg,1,1,0.6714706
01954.jpg,1,2,0.99871576
01252.jpg,1,4,0.99553156
00443.jpg,1,0,0.97675806
00813.jpg,1,4,0.99854493
01183.jpg,1,1,0.9966234
01025.jpg,1,4,0.9953181
00305.jpg,1,3,0.994089
00309.jpg,1,3,0.99477994
00901.jpg,1,4,0.971564
01260.jpg,1,0,0.9978173
00445.jpg,1,3,0.57057065
00187.jpg,1,3,0.9952448
01970.jpg,1,2,0.9926542
00499.jpg,1,1,0.9956006
01509.jpg,1,3,0.9985221
00183.jpg,1,3,0.9724148
00192.jpg,1,1,0.9840936
01398.jpg,1,2,0.9875683
00634.jpg,1,1,0.8976953
00542.jpg,1,2,0.97903574
01001.jpg,1,1,0.20118472
01638.jpg,1,2,0.9785493
01702.jpg,1,0,0.9933072
00026.jpg,1,0,0.9927672
00930.jpg,1,3,0.9930962
00759.jpg,1,1,0.99509466
00068.jpg,1,1,0.86613256
01956.jpg,1,0,0.99954873
01449.jpg,1,1,0.9736447
01408.jpg,1,0,0.9451974
00003.jpg,1,2,0.4016878
00611.jpg,1,0,0.99193794
00174.jpg,1,2,0.9933072
00464.jpg,1,2,0.9600627
01415.jpg,1,3,0.2635994
00034.jpg,1,3,0.99242276
00572.jpg,1,3,0.99390244
00846.jpg,1,1,0.9348725
00424.jpg,1,0,0.64980084
01236.jpg,1,0,0.99931216
00251.jpg,1,0,0.9992084
01976.jpg,1,2,0.97821885
01723.jpg,1,3,0.9980732
01164.jpg,1,0,0.99193794
00401.jpg,1,2,0.9615338
01068.jpg,1,0,0.9142907
00541.jpg,1,1,0.80069196
00688.jpg,1,3,0.9991959
01523.jpg,1,3,0.97482115
00573.jpg,1,4,0.9888419
00164.jpg,1,0,0.7929457
01389.jpg,1,4,0.99939287
00045.jpg,1,1,0.987375
01292.jpg,1,1,0.9766692
00684.jpg,1,3,0.9780517
00437.jpg,1,3,0.99903023
01490.jpg,1,0,0.99736834
01266.jpg,1,0,0.8933094
00769.jpg,1,3,0.938124
01834.jpg,1,0,0.9975656
01830.jpg,1,0,0.99657035
01105.jpg,1,4,0.97112906
00924.jpg,1,1,0.96210754
01771.jpg,1,1,0.94165415
00879.jpg,1,3,0.9422947
01162.jpg,1,1,0.059646945
01528.jpg,1,0,0.9883128
00128.jpg,1,1,0.99361163
00951.jpg,1,2,0.98481095
01536.jpg,1,3,0.9861514
00648.jpg,1,3,0.9804314
01301.jpg,1,2,0.96909106
00402.jpg,1,1,0.9943581
01448.jpg,1,0,0.9951703
01184.jpg,1,3,0.97324073
00248.jpg,1,3,0.98677725
00306.jpg,1,2,0.98677725
00753.jpg,1,0,0.99879336
00798.jpg,1,1,0.7264256
01636.jpg,1,2,0.9983516
00359.jpg,1,3,0.994615
01148.jpg,1,4,0.9962638
00476.jpg,1,3,0.8062431
01936.jpg,1,0,0.9985221
01748.jpg,1,1,0.9995197
00775.jpg,1,3,0.9949397
00098.jpg,1,3,0.9974885
00032.jpg,1,2,0.994089
01979.jpg,1,4,0.96405166
00757.jpg,1,3,0.6951311
00290.jpg,1,3,0.9563089
01247.jpg,1,4,0.9940428
00637.jpg,1,2,0.9518632
01083.jpg,1,0,0.9407897
01896.jpg,1,3,0.68594944
01919.jpg,1,2,0.99014014
01400.jpg,1,1,0.99845123
00625.jpg,1,0,0.998884
00778.jpg,1,0,0.99937373
01295.jpg,1,4,0.91730267
01684.jpg,1,1,0.97903574
01388.jpg,1,0,0.9883128
00855.jpg,1,2,0.9884919
01141.jpg,1,2,0.96295285
00667.jpg,1,0,0.99469805
00136.jpg,1,3,0.054600604
00977.jpg,1,0,0.44408256
01983.jpg,1,4,0.9978173
00281.jpg,1,0,0.9992446
01170.jpg,1,2,0.9763105
01287.jpg,1,1,0.8895289
01666.jpg,1,2,0.9979493
01791.jpg,1,2,0.891055
01462.jpg,1,3,0.061875984
01998.jpg,1,2,0.9849274
00012.jpg,1,1,0.9969722
00280.jpg,1,3,0.99477994
00482.jpg,1,3,0.4527779
01348.jpg,1,0,0.50146484
01008.jpg,1,2,0.95822614
01977.jpg,1,2,0.9518632
00194.jpg,1,4,0.9750122
00598.jpg,1,3,0.74167407
01336.jpg,0,3,0.012241276
01204.jpg,0,0,0.0031236487
01752.jpg,0,0,0.01717671
01059.jpg,0,3,0.13117322
01090.jpg,0,4,0.005554925
00323.jpg,0,0,0.076407686
00563.jpg,0,2,0.0047552
01744.jpg,0,0,0.37387583
01073.jpg,0,2,0.0067975316
00514.jpg,0,2,0.06804042
00866.jpg,0,3,0.008577485
00020.jpg,0,3,0.012431651
00991.jpg,0,3,0.31489265
00289.jpg,0,3,0.007815889
00727.jpg,0,2,0.004905406
01610.jpg,0,2,0.01798621
00112.jpg,0,1,0.019271135
00521.jpg,0,2,0.00818791
01350.jpg,0,3,0.007815889
01592.jpg,0,0,0.07237402
00490.jpg,0,1,0.031143833
00310.jpg,0,2,0.010818448
01518.jpg,0,3,0.008445628
01356.jpg,0,4,0.037608635
00940.jpg,0,2,0.0023967307
01200.jpg,0,0,0.035410725
01117.jpg,0,3,0.03308598
00835.jpg,0,3,0.0012843083
00137.jpg,0,2,0.01566365
01774.jpg,0,1,0.020023441
01706.jpg,0,0,0.00498227
01106.jpg,0,2,0.18594721
01622.jpg,0,2,0.037326884
01628.jpg,0,1,0.004331502
00810.jpg,0,2,0.057493277
00446.jpg,0,1,0.014957087
01005.jpg,0,0,0.16277891
01332.jpg,0,1,0.0721122
01775.jpg,0,2,0.01150815
01394.jpg,0,3,0.0029349516
00457.jpg,0,0,0.016152835
00011.jpg,0,0,0.010902373
01081.jpg,0,4,0.028870907
00133.jpg,0,0,0.057918087
00504.jpg,0,2,0.020023441
01760.jpg,0,4,0.045015533
00266.jpg,0,1,0.008847355
00513.jpg,0,1,0.005384938
00936.jpg,0,1,0.027585285
01491.jpg,0,0,0.0019877744
01882.jpg,0,4,0.13251457
01964.jpg,0,3,0.30735803
01558.jpg,0,1,0.0038244838
00393.jpg,0,1,0.022802636
00442.jpg,0,1,0.0046095727
01724.jpg,0,0,0.08151975
01563.jpg,0,0,0.016029146
01554.jpg,0,0,0.0111580305
01174.jpg,0,1,0.004198795
01150.jpg,0,0,0.0046095727
01110.jpg,0,2,0.18271701
00860.jpg,0,1,0.04177388
01240.jpg,0,4,0.0034296035
01457.jpg,0,1,0.25720495
00740.jpg,0,3,0.13296424
01231.jpg,0,4,0.010818448
00597.jpg,0,1,0.022286188
00742.jpg,0,1,0.002800927
00429.jpg,0,3,0.010489091
00590.jpg,0,3,0.01566365
01716.jpg,0,3,0.008985428
00914.jpg,0,1,0.0094125895
00605.jpg,0,2,0.020645931
01934.jpg,0,4,0.21206881
00102.jpg,0,4,0.010986944
00001.jpg,0,3,0.0032730645
01454.jpg,0,1,0.03461884
01116.jpg,0,4,0.03021459
01935.jpg,0,0,0.08122775
00915.jpg,0,3,0.0111580305
00354.jpg,0,4,0.0057302467
00644.jpg,0,1,0.0048297225
00568.jpg,0,4,0.018546565
01126.jpg,0,2,0.026759284
01967.jpg,0,3,0.08035747
00082.jpg,0,2,0.016403032
00983.jpg,0,4,0.029760094
01425.jpg,0,4,0.19012183
01263.jpg,0,2,0.00189692
00357.jpg,0,0,0.068288535
00325.jpg,0,0,0.013636835
01581.jpg,0,0,0.01798621
01237.jpg,0,4,0.0048297225
00698.jpg,0,4,0.006692851
01931.jpg,0,0,0.11596071
00830.jpg,0,3,0.048496004
00075.jpg,0,4,0.015424551
00728.jpg,0,2,0.01150815
00962.jpg,0,3,0.012241276
00161.jpg,0,1,0.008445628
00498.jpg,0,0,0.071332
01380.jpg,0,4,0.0040072887
01677.jpg,0,2,0.004331502
01214.jpg,0,1,0.0060035954
01455.jpg,0,0,0.31636927
00538.jpg,0,0,0.0226292
00702.jpg,0,0,0.010489091
00175.jpg,0,4,0.0069038384
00912.jpg,0,3,0.01798621
01886.jpg,0,3,0.55904937
00700.jpg,0,1,0.044680875
00848.jpg,0,0,0.033844035
01133.jpg,0,4,0.0013670258
01660.jpg,0,4,0.04084572
01533.jpg,0,2,0.12852514
01783.jpg,0,1,0.0038244838
00014.jpg,0,4,0.002631674
00099.jpg,0,1,0.013848611
00146.jpg,0,2,0.13251457
00721.jpg,0,1,0.0038844766
01269.jpg,0,0,0.04672496
00581.jpg,0,4,0.124213
01314.jpg,0,3,0.021948256
01883.jpg,0,4,0.019419348
01633.jpg,0,3,0.0071214284
00092.jpg,0,1,0.021615334
01382.jpg,0,0,0.039638843
01619.jpg,0,3,0.15002882
00617.jpg,0,3,0.009559399
01838.jpg,0,4,0.19072402
00733.jpg,0,1,0.02350945
01109.jpg,0,0,0.020804489
00862.jpg,0,0,0.0111580305
01829.jpg,0,0,0.0030278354
01822.jpg,0,2,0.010328153
01194.jpg,0,4,0.004331502
01284.jpg,0,3,0.009708477
01802.jpg,0,1,0.13117322
00858.jpg,0,1,0.027169233
01763.jpg,0,0,0.012241276
01351.jpg,0,1,0.012431651
00548.jpg,0,4,0.006692851
01078.jpg,0,4,0.4829168
01285.jpg,0,4,0.001016244
00201.jpg,0,0,0.022802636
01854.jpg,0,3,0.1877276
00298.jpg,0,1,0.46138078
01177.jpg,0,4,0.26170814
00349.jpg,0,4,0.009859855
00704.jpg,0,4,0.0021489493
01500.jpg,0,3,0.009559399
00526.jpg,0,1,0.012053779
00072.jpg,0,1,0.01717671
01092.jpg,0,2,0.04672496
01880.jpg,0,0,0.013020489
01608.jpg,0,3,0.007815889
00152.jpg,0,3,0.3451053
00008.jpg,0,4,0.04023794
00018.jpg,0,2,0.020645931
01368.jpg,0,4,0.05582314
00817.jpg,0,3,0.0065897712
00123.jpg,0,4,0.0014103585
00955.jpg,0,4,0.0016484831
01363.jpg,0,2,0.03021459
01373.jpg,0,3,0.037892424
00603.jpg,0,2,0.012053779
00086.jpg,0,3,0.0946777
01213.jpg,0,3,0.008315779
00052.jpg,0,3,0.36409897
00470.jpg,0,2,0.020332353
00093.jpg,0,3,0.020645931
00636.jpg,0,0,0.009633653
01323.jpg,0,0,0.059646945
00819.jpg,0,1,0.32082132
01503.jpg,0,4,0.111627996
00115.jpg,0,2,0.03904829
00028.jpg,0,3,0.002631674
01272.jpg,0,0,0.07290027
00561.jpg,0,1,0.0073458264
01635.jpg,0,2,0.010652511
01907.jpg,0,2,0.026759284
01517.jpg,0,1,0.0062899017
01996.jpg,0,4,0.010652511
00662.jpg,0,4,0.0031236487
01734.jpg,0,2,0.282592
01740.jpg,0,3,0.031380434
00869.jpg,0,1,0.008847355
00822.jpg,0,1,0.003222484
00333.jpg,0,1,0.02211659
00916.jpg,0,4,0.020023441
01075.jpg,0,2,0.019124037
01273.jpg,0,2,0.0062899017
01397.jpg,0,0,0.042722195
01066.jpg,0,3,0.0063883206
01597.jpg,0,3,0.04054074
00549.jpg,0,2,0.019719126
00651.jpg,0,2,0.09982066
01402.jpg,0,2,0.0017007226
01926.jpg,0,3,0.0073458264
01646.jpg,0,2,0.031143833
00558.jpg,0,3,0.0019267347
01844.jpg,0,3,0.4213137
00392.jpg,0,1,0.023689471
00386.jpg,0,0,0.0021827165
01037.jpg,0,4,0.029535336
01313.jpg,0,4,0.037326884
00283.jpg,0,0,0.0073458264
00480.jpg,0,4,0.0062899017
01261.jpg,0,2,0.0047552
01804.jpg,0,1,0.0069038384
01737.jpg,0,2,0.012053779
01642.jpg,0,1,0.0015487612
01274.jpg,0,2,0.011331755
01848.jpg,0,2,0.005384938
01349.jpg,0,2,0.018264279
01833.jpg,0,2,0.0037072531
01153.jpg,0,3,0.0011879054
01364.jpg,0,1,0.020964239
01623.jpg,0,0,0.013325148
01163.jpg,0,2,0.027169233
01443.jpg,0,4,0.0039454065
00491.jpg,0,4,0.0111580305
01166.jpg,0,1,0.0094125895
01542.jpg,0,0,0.33982763
00113.jpg,0,4,0.0053018946
00468.jpg,0,0,0.0047552
01271.jpg,0,3,0.008985428
00795.jpg,0,1,0.0047552
00036.jpg,0,0,0.0008693674
01920.jpg,0,3,0.003538086
00601.jpg,0,2,0.01883313
00033.jpg,0,0,0.03875619
00575.jpg,0,4,0.00027803096
01404.jpg,0,4,0.031143833
01790.jpg,0,0,0.020645931
00377.jpg,0,2,0.11516223
01899.jpg,0,4,0.025957357
00339.jpg,0,2,0.12252321
01230.jpg,0,1,0.37891862
01588.jpg,0,3,0.3094409
01188.jpg,0,2,0.003172683
00436.jpg,0,4,0.009268013
01486.jpg,0,4,0.0894546
01607.jpg,0,3,0.047780067
01222.jpg,0,0,0.6437773
01570.jpg,0,1,0.061875984
01234.jpg,0,4,0.019419348
01556.jpg,0,2,0.009859855
01739.jpg,0,3,0.0021157037
00335.jpg,0,0,0.09268778
01768.jpg,0,4,0.098079324
01064.jpg,0,3,0.18126321
00299.jpg,0,3,0.004681823
01506.jpg,0,4,0.01150815
01751.jpg,0,0,0.0035936027
00203.jpg,0,3,0.010818448
00599.jpg,0,0,0.12678517
00957.jpg,0,1,0.013848611
01452.jpg,0,1,0.19559407
01244.jpg,0,1,0.0017007226
01617.jpg,0,4,0.020332353
00344.jpg,0,2,0.019719126
00505.jpg,0,1,0.21535073
01694.jpg,0,4,0.0073458264
01338.jpg,0,2,0.07807816
01661.jpg,0,3,0.002631674
01593.jpg,0,4,0.0073458264
00811.jpg,0,0,0.05623634
01093.jpg,0,1,0.0040072887
01225.jpg,0,1,0.0063883206
00963.jpg,0,3,0.0020507434
01421.jpg,0,3,0.0004373344
01914.jpg,0,4,0.56385833
00718.jpg,0,3,0.09138211
01156.jpg,0,4,0.008577485
00837.jpg,0,2,0.016403032
01379.jpg,0,4,0.025957357
00925.jpg,0,0,0.014957087
01927.jpg,0,3,0.16344544
00430.jpg,0,3,0.18359363
01785.jpg,0,2,0.0022872274
01668.jpg,0,2,0.002800927
01651.jpg,0,1,0.0111580305
00606.jpg,0,0,0.00062633416
01311.jpg,0,1,0.02442309
01876.jpg,0,4,0.045015533
00324.jpg,0,0,0.005911069
01521.jpg,0,2,0.034358688
01439.jpg,0,4,0.0070117954
01371.jpg,0,4,0.06903793
00039.jpg,0,0,0.004681823
00451.jpg,0,3,0.001957017
00789.jpg,0,4,0.17667161
00532.jpg,0,0,0.031618766
00903.jpg,0,3,0.0010649627
00294.jpg,0,3,0.064653486
00681.jpg,0,4,0.004070138
01862.jpg,0,1,0.007815889
01859.jpg,0,3,0.3909408
00087.jpg,0,1,0.0075772405
01473.jpg,0,3,0.0011335689
00774.jpg,0,2,0.0046095727
01259.jpg,0,1,0.0033766124
00355.jpg,0,2,0.52658623
01525.jpg,0,3,0.023330769
00844.jpg,0,1,0.010652511
01776.jpg,0,1,0.009559399
01401.jpg,0,2,0.32594952
00593.jpg,0,3,0.025178842
00257.jpg,0,3,0.009125638
01663.jpg,0,0,0.019124037
00831.jpg,0,2,0.30819023
01727.jpg,0,3,0.0021489493
00990.jpg,0,4,0.00068785116
00624.jpg,0,1,0.071073666
00865.jpg,0,0,0.00818791
01968.jpg,0,4,0.011687257
00134.jpg,0,2,0.0032730645
01003.jpg,0,2,0.08269734
00277.jpg,0,4,0.01627746
01345.jpg,0,1,0.10087861
01055.jpg,0,2,0.058345836
00440.jpg,0,1,0.01566365
00828.jpg,0,4,0.021615334
00242.jpg,0,3,0.01717671
00576.jpg,0,3,0.0019877744
00552.jpg,0,2,0.047780067
00149.jpg,0,3,0.063714996
00725.jpg,0,4,0.000939944
00387.jpg,0,3,0.0029349516
00502.jpg,0,2,0.008985428
01664.jpg,0,2,0.71582144
00328.jpg,0,3,0.64556694
01947.jpg,0,3,0.028436035
00944.jpg,0,3,0.03622006
00832.jpg,0,2,0.0047552
01357.jpg,0,0,0.07477004
00108.jpg,0,3,0.0046095727
00979.jpg,0,2,0.014281934
00503.jpg,0,1,0.79117644
00867.jpg,0,1,0.21403356
00269.jpg,0,3,0.7098244
01846.jpg,0,2,0.282592
00459.jpg,0,0,0.0017274587
01085.jpg,0,2,0.010328153
01330.jpg,0,1,0.344664
00260.jpg,0,0,0.018404892
01386.jpg,0,1,0.009559399
00933.jpg,0,1,0.21535073
01543.jpg,0,0,0.1919328
00709.jpg,0,2,0.09401019
00428.jpg,0,1,0.012053779
01291.jpg,0,1,0.07531231
01835.jpg,0,2,0.0023231625
01885.jpg,0,4,0.035144847
01767.jpg,0,0,0.008711384
00650.jpg,0,0,0.0027149853
01305.jpg,0,0,0.007937994
01444.jpg,0,2,0.016152835
00975.jpg,0,2,0.045692034
01342.jpg,0,1,0.06418265
00878.jpg,0,1,0.013848611
01034.jpg,0,3,0.026759284
00707.jpg,0,0,0.045862667
00507.jpg,0,3,0.017309096
00419.jpg,0,2,0.008711384
01867.jpg,0,0,0.01883313
00954.jpg,0,3,0.017442483
01195.jpg,0,0,0.0074606435
01700.jpg,0,2,0.013020489
02000.jpg,0,0,0.013222823
01334.jpg,0,3,0.14270914
00516.jpg,0,0,0.001032231
00805.jpg,0,3,0.00082958915
00967.jpg,0,0,0.0030994152
00842.jpg,0,1,0.045692034
01652.jpg,0,2,0.03308598
01264.jpg,0,1,0.00498227
01843.jpg,0,1,0.36727032
00338.jpg,0,2,0.0044683847
00116.jpg,0,0,0.020645931
00237.jpg,0,1,0.57033134
01198.jpg,0,3,0.0140636265
00553.jpg,0,1,0.008061992
00453.jpg,0,2,0.051082738
01019.jpg,0,2,0.0033766124
00284.jpg,0,3,0.043691058
00508.jpg,0,1,0.035144847
01704.jpg,0,0,0.0037654138
00127.jpg,0,3,0.009125638
01094.jpg,0,3,0.013222823
01574.jpg,0,2,0.092032865
01777.jpg,0,1,0.01566365
01950.jpg,0,4,0.0032730645
01709.jpg,0,1,0.039342504
01374.jpg,0,1,0.030675799
01875.jpg,0,1,0.021125194
01249.jpg,0,4,0.018978037
01820.jpg,0,0,0.0145035805
00083.jpg,0,3,0.0013250224
01908.jpg,0,2,0.027169233
00712.jpg,0,0,0.04304285
01489.jpg,0,2,0.0034296035
01963.jpg,0,2,0.052230854
01808.jpg,0,0,0.0065897712
00791.jpg,0,0,0.105210535
00705.jpg,0,1,0.080936715
00843.jpg,0,2,0.015424551
00070.jpg,0,1,0.048496004
01461.jpg,0,1,0.012053779
01647.jpg,0,4,0.0058199596
01437.jpg,0,0,0.017712297
00545.jpg,0,4,0.43494123
01858.jpg,0,4,0.020964239
01041.jpg,0,4,0.0027576222
00400.jpg,0,0,0.0004305571
00885.jpg,0,0,0.20354918
00905.jpg,0,3,0.13939638
00640.jpg,0,4,0.10017222
00703.jpg,0,3,0.058345836
00272.jpg,0,4,0.0010649627
00150.jpg,0,3,0.014281934
01302.jpg,0,3,0.0060035954
00144.jpg,0,4,0.02479816
00312.jpg,0,4,0.028436035
01722.jpg,0,1,0.109705776
00968.jpg,0,2,0.029760094
01477.jpg,0,3,0.020023441
01879.jpg,0,4,0.008985428
01766.jpg,0,4,0.0057302467
00394.jpg,0,0,0.3900111
01549.jpg,0,0,0.0054692747
00206.jpg,0,0,0.021948256
00695.jpg,0,2,0.06142404
01519.jpg,0,0,0.0073458264
01180.jpg,0,3,0.042087726
00322.jpg,0,1,0.0460339
01102.jpg,0,1,0.036769465
01127.jpg,0,4,0.141756
01413.jpg,0,0,0.0033766124
01253.jpg,0,1,0.03875619
01837.jpg,0,1,0.1732882
01584.jpg,0,3,0.0057302467
01578.jpg,0,1,0.01717671
01705.jpg,0,1,0.3652303
00566.jpg,0,1,0.02479816
01309.jpg,0,2,0.059210252
01254.jpg,0,0,0.21773231
00244.jpg,0,0,0.022286188
00958.jpg,0,3,0.07531231
01417.jpg,0,4,0.027585285
01729.jpg,0,2,0.013020489
01917.jpg,0,1,0.2220247
00360.jpg,0,2,0.16079244
01474.jpg,0,1,0.002981033
01006.jpg,0,1,0.2624636
00473.jpg,0,1,0.003172683
01889.jpg,0,4,0.3415825
00888.jpg,0,4,0.013222823
01497.jpg,0,1,0.0044683847
01220.jpg,0,1,0.090092994
01467.jpg,0,3,0.010818448
00752.jpg,0,2,0.010818448
00559.jpg,0,2,0.0023596606
01122.jpg,0,0,0.0060975617
00506.jpg,0,0,0.005911069
01494.jpg,0,1,0.01518905
01318.jpg,0,3,0.02800752
01912.jpg,0,0,0.03410043
01717.jpg,0,4,0.022286188
01089.jpg,0,3,0.008711384
01043.jpg,0,1,0.010818448
01928.jpg,0,0,0.10017222
01629.jpg,0,1,0.07369627
00005.jpg,0,4,0.036493767
00762.jpg,0,2,0.0064882697
00456.jpg,0,4,0.0018102109
00533.jpg,0,3,0.006692851
00044.jpg,0,0,0.033462934
00388.jpg,0,3,0.004905406
00061.jpg,0,3,0.012053779
01478.jpg,0,3,0.008577485
01852.jpg,0,2,0.019419348
00643.jpg,0,0,0.12787028
01004.jpg,0,3,0.023689471
01890.jpg,0,2,0.04672496
00371.jpg,0,3,0.012431651
00816.jpg,0,0,0.019719126
01576.jpg,0,4,0.010818448
01508.jpg,0,4,0.021287352
00836.jpg,0,2,0.07864238
01692.jpg,0,2,0.3280987
00765.jpg,0,3,0.08269734
01033.jpg,0,2,0.004331502
01161.jpg,0,1,0.0018102109
01973.jpg,0,0,0.2162597
01557.jpg,0,4,0.018546565
00199.jpg,0,3,0.002434382
00384.jpg,0,1,0.0015731121
00326.jpg,0,1,0.3174263
01243.jpg,1,0,0.99732697
01780.jpg,1,3,0.9507779
01011.jpg,1,3,0.992062
01611.jpg,1,0,0.9881309
00551.jpg,1,4,0.9832145
00661.jpg,1,3,0.9975274
00304.jpg,1,0,0.4205996
00200.jpg,1,2,0.8272706
01823.jpg,1,4,0.9914225
00493.jpg,1,2,0.9998313
00025.jpg,1,1,0.023689471
00922.jpg,1,0,0.99101454
00452.jpg,1,3,0.98282325
00706.jpg,1,2,0.9933072
01779.jpg,1,0,0.9207897
01856.jpg,1,1,0.8596637
00271.jpg,1,0,0.99788433
00610.jpg,1,3,0.97520185
00863.jpg,1,2,0.9834705
01442.jpg,1,3,0.95292586
01202.jpg,1,2,0.99890125
01172.jpg,1,2,0.5165954
00416.jpg,1,3,0.98087597
01355.jpg,1,0,0.22000709
00970.jpg,1,3,0.9869795
00861.jpg,1,0,0.9980732
00826.jpg,1,4,0.883236
01803.jpg,1,0,0.9987551
00173.jpg,1,3,0.99966466
01550.jpg,1,3,0.9954615
01985.jpg,1,1,0.99242276
00140.jpg,1,2,0.9957353
01733.jpg,1,1,0.99740905
01657.jpg,1,3,0.99155444
00781.jpg,1,4,0.4426365
01235.jpg,1,0,0.96432143
00391.jpg,1,2,0.96538115
01918.jpg,1,0,0.9851576
01463.jpg,1,3,0.7839885
01359.jpg,1,1,0.9898303
01299.jpg,1,3,0.9974491
00779.jpg,1,4,0.5278033
01245.jpg,1,3,0.94966936
01900.jpg,1,1,0.9908744
00279.jpg,1,4,0.9979493
01406.jpg,1,2,0.9933072
00296.jpg,1,3,0.998884
00238.jpg,1,2,0.96765566
01147.jpg,1,4,0.9942697
01903.jpg,1,4,0.98657167
00331.jpg,1,2,0.9766692
01399.jpg,1,3,0.99014014
01325.jpg,1,4,0.99586606
01139.jpg,1,1,0.7599387
00162.jpg,1,1,0.87914675
00375.jpg,1,2,0.9811669
00379.jpg,1,0,0.93045825
01865.jpg,1,0,0.9997546
00454.jpg,1,2,0.87873113
00185.jpg,1,2,0.99629277
00042.jpg,1,1,0.98187524
00414.jpg,1,3,0.9967269
00591.jpg,1,0,0.99719906
00953.jpg,1,4,0.9992084
01730.jpg,1,1,0.99253935
00896.jpg,1,3,0.9032942
01060.jpg,1,2,0.9462003
01913.jpg,1,3,0.99711037
00683.jpg,1,4,0.9658996
00370.jpg,1,2,0.9965166
00413.jpg,1,4,0.9566342
01800.jpg,1,0,0.64579034
01544.jpg,1,4,0.99486035
00189.jpg,1,2,0.96095175
00273.jpg,1,1,0.23722233
00891.jpg,1,0,0.966028
01322.jpg,1,0,0.99863297
01002.jpg,1,2,0.99390244
01319.jpg,1,1,0.8238959
01504.jpg,1,2,0.9407897
01579.jpg,1,1,0.8872046
00974.jpg,1,0,0.96641046
00110.jpg,1,2,0.99788433
01961.jpg,1,0,0.9615338
01385.jpg,1,0,0.99155444
01096.jpg,1,1,0.99486035
01630.jpg,1,0,0.99911696
01675.jpg,1,1,0.8031738
01378.jpg,1,0,0.9923044
00427.jpg,1,1,0.99804294
00527.jpg,1,3,0.94208187
00749.jpg,1,3,0.87663436
00710.jpg,1,4,0.99014014
00341.jpg,1,1,0.9978173
01067.jpg,1,2,0.99351174
00574.jpg,1,2,0.8976953
01154.jpg,1,4,0.9949397
00154.jpg,1,0,0.98527133
01618.jpg,1,2,0.9888419
01650.jpg,1,2,0.983343
01298.jpg,1,3,0.9923044
00396.jpg,1,4,0.99341017
00147.jpg,1,3,0.141756
01475.jpg,1,0,0.99444515
01100.jpg,1,2,0.9977482
00588.jpg,1,0,0.9509604
01590.jpg,1,2,0.9224824
00992.jpg,1,0,0.9834705
01726.jpg,1,0,0.9850429
01905.jpg,1,1,0.99657035
00668.jpg,1,4,0.99818975
00760.jpg,1,1,0.70659554
01645.jpg,1,1,0.9968273
00439.jpg,1,0,0.9987551
01643.jpg,1,3,0.5971381
01810.jpg,1,0,0.9763105
00297.jpg,1,2,0.9658996
00873.jpg,1,3,0.908618
00060.jpg,1,2,0.7221353
00258.jpg,1,2,0.19223589
01427.jpg,1,2,0.97023994
00410.jpg,1,1,0.97134733
01052.jpg,1,1,0.56673807
00096.jpg,1,1,0.84594244
00291.jpg,1,3,0.97344345
01614.jpg,1,0,0.99824536
00463.jpg,1,0,0.9968273
01035.jpg,1,0,0.041462272
00562.jpg,1,0,0.99896777
00746.jpg,1,2,0.998884
01501.jpg,1,3,0.9802808
01955.jpg,1,2,0.8484707
01809.jpg,1,1,0.99736834
00227.jpg,1,4,0.98527133
01000.jpg,1,4,0.9879462
01594.jpg,1,4,0.9951703
01510.jpg,1,3,0.96765566
01135.jpg,1,2,0.99944717
01029.jpg,1,0,0.9949397
00010.jpg,1,2,0.8272706
00694.jpg,1,1,0.99804294
01405.jpg,1,1,0.99351174
00943.jpg,1,3,0.9976769
01182.jpg,1,2,0.78530854
01981.jpg,1,0,0.9688562
01082.jpg,1,1,0.99788433
01221.jpg,1,4,0.86838096
01424.jpg,1,2,0.96095175
00716.jpg,1,2,0.99242276
00578.jpg,1,2,0.9966234
00913.jpg,1,2,0.9926542
01535.jpg,1,0,0.8674854
00980.jpg,1,1,0.9888419
01051.jpg,1,4,0.990732
00462.jpg,1,4,0.04023794
01904.jpg,1,1,0.52877676
00756.jpg,1,1,0.99298817
01531.jpg,1,2,0.99869555
01023.jpg,1,4,0.33285233
01632.jpg,1,1,0.9869795
01173.jpg,1,0,0.99961996
00176.jpg,1,3,0.84389514
01226.jpg,1,4,0.85293543
00751.jpg,1,0,0.8938666
01303.jpg,1,0,0.94966936
00520.jpg,1,0,0.9878528
01215.jpg,1,3,0.9993333
01010.jpg,1,2,0.9563089
01123.jpg,1,1,0.9465967
01317.jpg,1,4,0.99931216
01132.jpg,1,3,0.97887486
00680.jpg,1,4,0.99490017
00978.jpg,1,2,0.98657167
00399.jpg,1,3,0.9981324
00288.jpg,1,1,0.99845123
01653.jpg,1,1,0.020023441
01801.jpg,1,2,0.98527133
00976.jpg,1,4,0.99580115
00731.jpg,1,1,0.23792991
00481.jpg,1,1,0.99361163
00467.jpg,1,0,0.856092
01268.jpg,1,1,0.57439476
00950.jpg,1,0,0.99884856
00343.jpg,1,4,0.8152325
00118.jpg,1,3,0.99986017
01869.jpg,1,2,0.99469805
01922.jpg,1,3,0.8774768
00777.jpg,1,2,0.99740905
00664.jpg,1,0,0.99818975
01152.jpg,1,3,0.8723474
01296.jpg,1,4,0.9981324
01513.jpg,1,2,0.9879462
00178.jpg,1,0,0.99635005
01939.jpg,1,2,0.99629277
00411.jpg,1,4,0.9839708
00062.jpg,1,3,0.99566853
00517.jpg,1,1,0.98657167
00960.jpg,1,2,0.99979013
01701.jpg,1,3,0.99837697
01476.jpg,1,2,0.55567634
00352.jpg,1,4,0.9988121
00744.jpg,1,3,0.02297737
01219.jpg,1,2,0.37926343
00536.jpg,1,2,0.9241418
00956.jpg,1,1,0.9744348
01069.jpg,1,2,0.9987356
00431.jpg,1,1,0.9804314
00363.jpg,1,4,0.99094474
00854.jpg,1,1,0.9952448
01208.jpg,1,3,0.9978173
00845.jpg,1,1,0.9881309
01703.jpg,1,1,0.3972367
00368.jpg,1,1,0.9978173
01155.jpg,1,3,0.6475754
01720.jpg,1,2,0.9603612
00367.jpg,1,2,0.8040984
01054.jpg,1,1,0.9977482
01407.jpg,1,0,0.9980122
00319.jpg,1,2,0.97737074
00417.jpg,1,0,0.9724148
00755.jpg,1,1,0.94208187
00213.jpg,1,3,0.99886644
00529.jpg,1,2,0.8887587
01207.jpg,1,4,0.8596637
01471.jpg,1,4,0.97903574
01456.jpg,1,2,0.99128854
01381.jpg,1,4,0.72990495
01587.jpg,1,1,0.9724148
00604.jpg,1,4,0.99549675
00676.jpg,1,1,0.99566853
01819.jpg,1,4,0.19993211
01916.jpg,1,4,0.96323055
01812.jpg,1,4,0.9881309
00799.jpg,1,0,0.9885804
01217.jpg,1,1,0.8723474
00626.jpg,1,3,0.9977482
01367.jpg,1,2,0.8969756
00236.jpg,1,2,0.99943846
00130.jpg,1,3,0.9757624
00500.jpg,1,4,0.9952448
00240.jpg,1,1,0.94417685
00153.jpg,1,1,0.99371004
01693.jpg,1,1,0.96378
00780.jpg,1,3,0.9213576
00293.jpg,1,3,0.9012275
01665.jpg,1,0,0.999089
00966.jpg,1,0,0.9860443
00484.jpg,1,2,0.37427598
00971.jpg,1,4,0.93991333
00156.jpg,1,4,0.9991959
00050.jpg,1,4,0.99771273
01825.jpg,1,4,0.9724148
01445.jpg,1,3,0.8940517
00017.jpg,1,1,0.9603612
01145.jpg,1,2,0.99701905
00358.jpg,1,4,0.5767803
01888.jpg,1,2,0.9985221
00690.jpg,1,1,0.9980122
01487.jpg,1,2,0.0075772405
01580.jpg,1,1,0.99128854
00687.jpg,1,1,0.9984988
01971.jpg,1,1,0.99939287
01988.jpg,1,4,0.81757444
00812.jpg,1,3,0.9260366
01559.jpg,1,0,0.9572778
00883.jpg,1,2,0.90397453
01329.jpg,1,2,0.993807
00038.jpg,1,2,0.7394224
00314.jpg,1,4,0.9986749
01644.jpg,1,1,0.9980732
01887.jpg,1,3,0.9532751
01641.jpg,1,3,0.979354
00448.jpg,1,3,0.9875683
00720.jpg,1,4,0.9995345
00487.jpg,1,0,0.98282325
01211.jpg,1,3,0.99371004
00663.jpg,1,2,0.9142907
01142.jpg,1,0,0.7879312
00856.jpg,1,2,0.96432143
01335.jpg,1,1,0.7483523
01769.jpg,1,1,0.9092645
00300.jpg,1,4,0.9921233
00009.jpg,1,3,0.99193794
01832.jpg,1,2,0.95565146
01438.jpg,1,1,0.9939964
01190.jpg,1,0,0.9950177
00077.jpg,1,3,0.99371004
00216.jpg,1,2,0.78332627
00509.jpg,1,3,0.9994967
01472.jpg,1,1,0.9994642
01411.jpg,1,0,0.9995695
00478.jpg,1,1,0.9777139
01671.jpg,1,2,0.9978173
00071.jpg,1,3,0.9588471
01932.jpg,1,3,0.012053779
00351.jpg,1,0,0.9843364
00321.jpg,1,4,0.99931216
00064.jpg,1,1,0.9988305
00253.jpg,1,4,0.76838577
00421.jpg,1,0,0.6004227
01871.jpg,1,4,0.9759464
01938.jpg,1,4,0.9845754
00074.jpg,1,3,0.9549844
01039.jpg,1,1,0.81640637
00665.jpg,1,2,0.9974491
01699.jpg,1,3,0.7613611
00076.jpg,1,4,0.93674946
00364.jpg,1,1,0.9871788
00447.jpg,1,2,0.99687636
00406.jpg,1,2,0.55892897
01009.jpg,1,3,0.4843801
01308.jpg,1,4,0.44601205
00839.jpg,1,4,0.983597
01229.jpg,1,3,0.9407897
00205.jpg,1,2,0.9241418
01625.jpg,1,0,0.84695786
01353.jpg,1,3,0.97903574
01595.jpg,1,4,0.9738444
00595.jpg,1,2,0.99879336
00926.jpg,1,3,0.9933072
00141.jpg,1,4,0.9975274
00307.jpg,1,0,0.98469365
00170.jpg,1,2,0.7745834
00184.jpg,1,0,0.7704648
01782.jpg,1,2,0.97462875
01687.jpg,1,1,0.6619229
01191.jpg,1,0,0.9145963
00089.jpg,1,1,0.9967269
00638.jpg,1,0,0.994615
00619.jpg,1,0,0.74816835
00544.jpg,1,4,0.99509466
01412.jpg,1,3,0.9881309
00569.jpg,1,2,0.9949397
01742.jpg,1,3,0.99657035
00163.jpg,1,1,0.97838473
00407.jpg,1,3,0.96182173
00660.jpg,1,3,0.9079672
00984.jpg,1,1,0.96095175
00263.jpg,1,1,0.9980122
00729.jpg,1,0,0.607896
01906.jpg,1,3,0.9693242
00378.jpg,1,4,0.018546565
01232.jpg,1,2,0.9284088
01086.jpg,1,3,0.54334795
00783.jpg,1,0,0.99982053
00876.jpg,1,0,0.3457677
00647.jpg,1,2,0.9845754
01568.jpg,1,3,0.8844391
01076.jpg,1,1,0.9879462
00397.jpg,1,2,0.50585914
00230.jpg,1,2,0.9908744
00441.jpg,1,0,0.8431217
01344.jpg,1,0,0.99341017
01352.jpg,1,1,0.98934746
01149.jpg,1,0,0.9908744
01606.jpg,1,2,0.5239075
01046.jpg,1,0,0.94776917
01993.jpg,1,2,0.9939964
00582.jpg,1,2,0.99444515
00964.jpg,1,2,0.98677725
01784.jpg,1,3,0.9981324
00369.jpg,1,3,0.97068775
00007.jpg,1,3,0.37444752
01341.jpg,1,3,0.9730365
00486.jpg,1,2,0.9984988
00820.jpg,1,4,0.97719735
01713.jpg,1,4,0.99155444
00109.jpg,1,3,0.9507779
01370.jpg,1,0,0.99845123
01975.jpg,1,4,0.99193794
01290.jpg,1,3,0.99242276
00628.jpg,1,3,0.9992206
01241.jpg,1,4,0.8267118
00747.jpg,1,4,0.97344345
00921.jpg,1,1,0.9740426
01485.jpg,1,3,0.9951703
00403.jpg,1,2,0.81286734
00745.jpg,1,4,0.99711037
00821.jpg,1,4,0.8940517
00139.jpg,1,3,0.9666631
01772.jpg,1,2,0.99029154
01158.jpg,1,1,0.97482115
01707.jpg,1,3,0.98677725
00475.jpg,1,4,0.9623913
00129.jpg,1,0,0.9993333
01205.jpg,1,0,0.9615338
00276.jpg,1,3,0.9777139
00104.jpg,1,0,0.9933589
00577.jpg,1,0,0.9859364
01137.jpg,1,1,0.99736834
00693.jpg,1,3,0.99879336
01257.jpg,1,4,0.76977324
00616.jpg,1,2,0.9956006
01601.jpg,1,0,0.9975274
00483.jpg,1,3,0.9981614
00868.jpg,1,1,0.99477994
01997.jpg,1,1,0.81405276
00395.jpg,1,0,0.84286314
01957.jpg,1,2,0.95362175
00435.jpg,1,3,0.31447145
00195.jpg,1,1,0.99155444
00250.jpg,1,1,0.9759464
01098.jpg,1,4,0.96538115
00202.jpg,1,0,0.6719013
00945.jpg,1,0,0.99837697
00571.jpg,1,3,0.99014014
01347.jpg,1,2,0.91367656
00804.jpg,1,1,0.9875683
01428.jpg,1,1,0.3981724
01020.jpg,1,1,0.979354
00686.jpg,1,1,0.99788433
01868.jpg,1,3,0.9518632
01435.jpg,1,4,0.98926485
01656.jpg,1,1,0.96124375
00249.jpg,1,3,0.97997653
00477.jpg,1,1,0.9213576
01893.jpg,1,2,0.9606575
01754.jpg,1,1,0.9959927
01316.jpg,1,2,0.99629277
00776.jpg,1,3,0.9980122
00114.jpg,1,2,0.9518632
01539.jpg,1,1,0.99444515
01453.jpg,1,1,0.9686196
00143.jpg,1,4,0.9883128
00823.jpg,1,0,0.9885804
01672.jpg,1,1,0.9730365
01270.jpg,1,0,0.9987551
00824.jpg,1,3,0.9730365
00122.jpg,1,4,0.9985896
01063.jpg,1,4,0.9976769
01872.jpg,1,0,0.110855594
01598.jpg,1,2,0.997285
00803.jpg,1,2,0.9952448
01817.jpg,1,0,0.95976204
00313.jpg,1,4,0.9981324
01339.jpg,1,0,0.9714559
00519.jpg,1,0,0.9987551
01018.jpg,1,2,0.99128854
01015.jpg,1,2,0.99711037
00652.jpg,1,3,0.7295198
01613.jpg,1,0,0.9992792
01604.jpg,1,1,0.96124375
01881.jpg,1,4,0.9980122
01144.jpg,1,3,0.98445636
01662.jpg,1,0,0.9975274
00633.jpg,1,0,0.9921841
00675.jpg,1,3,0.9539661
00880.jpg,1,3,0.7718435
00583.jpg,1,2,0.9877587
01697.jpg,1,0,0.983597
00232.jpg,1,1,0.99827254
00884.jpg,1,2,0.9759464
00332.jpg,1,0,0.9509604
01159.jpg,1,3,0.9994967
00346.jpg,1,4,0.10594828
01045.jpg,1,0,0.9840936
00989.jpg,1,2,0.99193794
01026.jpg,1,0,0.9666631
01196.jpg,1,0,0.9983516
01095.jpg,1,2,0.9563089
01062.jpg,1,3,0.9875683
01522.jpg,1,3,0.99804294
01811.jpg,1,4,0.9615338
01799.jpg,1,1,0.96691406
00282.jpg,1,1,0.9980732
01048.jpg,1,3,0.91730267
01718.jpg,1,0,0.66519314
00726.jpg,1,1,0.9861514
00766.jpg,1,0,0.9956006
01762.jpg,1,2,0.96538115
01773.jpg,1,1,0.99895155
00002.jpg,1,3,0.9777139
00135.jpg,1,1,0.9966234
00699.jpg,1,3,0.9615338
00840.jpg,1,4,0.9882222
00537.jpg,1,3,0.7322091
00784.jpg,1,4,0.993807
00587.jpg,1,0,0.88563144
00037.jpg,1,1,0.95292586
00160.jpg,1,0,0.25973174
01827.jpg,1,1,0.8962514
00117.jpg,1,3,0.96641046
00938.jpg,1,4,0.9997131
00247.jpg,1,4,0.8548847
00627.jpg,1,0,0.9845754
00567.jpg,1,2,0.97482115
01688.jpg,1,3,0.9603612
01199.jpg,1,1,0.99193794
00065.jpg,1,4,0.9987551
00715.jpg,1,3,0.9263037
01451.jpg,1,4,0.8454327
01107.jpg,1,3,0.99580115
01520.jpg,1,3,0.9728308
01193.jpg,1,1,0.10594828
01283.jpg,1,0,0.99711037
00600.jpg,1,2,0.71442884
01012.jpg,1,4,0.99477994
00787.jpg,1,4,0.999089
01099.jpg,1,0,0.98527133
01192.jpg,1,4,0.8568123
