observation,branch,epoch,configured_epochs,train_loss_printed,validation_macro_f1_printed,epoch_seconds
nb0,rgb,1,15,0.4476,0.8794,35.5
nb0,rgb,2,15,0.2220,0.8721,25.6
nb0,rgb,3,15,0.1276,0.9023,25.8
nb0,rgb,4,15,0.1316,0.9000,25.8
nb0,rgb,5,15,0.0801,0.9198,25.7
nb0,rgb,6,15,0.0508,0.9250,26.9
nb0,rgb,7,15,0.0470,0.9224,26.1
nb0,rgb,8,15,0.0325,0.9248,25.9
nb0,rgb,9,15,0.0232,0.9299,26.4
nb0,rgb,10,15,0.0073,0.9275,26.9
nb0,rgb,11,15,0.0078,0.9300,26.7
nb0,rgb,12,15,0.0108,0.9200,25.4
nb0,rgb,13,15,0.0041,0.9300,26.9
nb0,rgb,14,15,0.0046,0.9375,26.9
nb0,rgb,15,15,0.0037,0.9350,26.8
nb0,highpass,1,15,0.4831,0.7828,28.3
nb0,highpass,2,15,0.2645,0.8797,27.1
nb0,highpass,3,15,0.1452,0.8720,26.7
nb0,highpass,4,15,0.1418,0.8607,26.9
nb0,highpass,5,15,0.0735,0.9124,26.6
nb0,highpass,6,15,0.0732,0.9124,26.8
nb0,highpass,7,15,0.0525,0.9350,27.2
nb0,highpass,8,15,0.0314,0.9300,27.1
nb0,highpass,9,15,0.0277,0.9147,27.4
nb0,highpass,10,15,0.0066,0.9400,27.3
nb0,highpass,11,15,0.0062,0.9475,27.4
nb0,highpass,12,15,0.0108,0.9400,28.4
nb0,highpass,13,15,0.0058,0.9300,27.9
nb0,highpass,14,15,0.0060,0.9400,28.0
nb0,highpass,15,15,0.0049,0.9375,27.6
nb1,rgb,4,15,0.1316,0.9000,27.2
nb1,rgb,5,15,0.0801,0.9198,24.5
nb1,rgb,6,15,0.0508,0.9250,24.6
nb1,rgb,7,15,0.0470,0.9224,25.3
nb1,rgb,8,15,0.0325,0.9248,24.7
nb1,rgb,9,15,0.0232,0.9299,24.8
nb1,rgb,10,15,0.0073,0.9275,25.0
nb1,rgb,11,15,0.0078,0.9300,25.1
nb1,rgb,12,15,0.0108,0.9200,25.2
nb1,rgb,13,15,0.0041,0.9300,25.3
nb1,rgb,14,15,0.0046,0.9375,25.3
nb1,rgb,15,15,0.0037,0.9350,25.1
nb2,highpass,1,15,0.4831,0.7828,29.2
nb2,highpass,2,15,0.2645,0.8797,25.9
nb2,highpass,3,15,0.1452,0.8720,26.0
nb2,highpass,4,15,0.1418,0.8607,26.6
nb2,highpass,5,15,0.0735,0.9124,26.1
nb2,highpass,6,15,0.0732,0.9124,25.6
nb2,highpass,7,15,0.0525,0.9350,25.6
nb2,highpass,8,15,0.0314,0.9300,26.7
nb2,highpass,9,15,0.0277,0.9147,26.3
nb2,highpass,10,15,0.0066,0.9400,26.4
nb2,highpass,11,15,0.0062,0.9475,26.4
nb2,highpass,12,15,0.0108,0.9400,26.4
nb2,highpass,13,15,0.0058,0.9300,26.3
nb2,highpass,14,15,0.0060,0.9400,26.3
nb2,highpass,15,15,0.0049,0.9375,26.7
